Unnamed: 0,date,time,tweet,tweet_id,hashtags,user_id,username,location,num_followers,geo_enabled,long,lat,relevant,neg_sent_score,neu_sent_score,pos_sent_score,compound_sent_score,sent_class
0.0,2021-11-17,20:25:55,there’s always mountain lion sightings at my school and I haven’t seen one yet and I want to,1461068101764534274,[],929085239833509888,memyselfandnat,"Camarillo, CA",1582,True,,,1,0.0,0.929,0.071,0.0772,positive
1.0,2021-11-17,18:54:34,Love learning about all of the different apps that @teambeechwood made for the app challenge! Great job Bobcats! @tosa_esther #bookstosa #fsdlearns https://t.co/rvxwRySQPd,1461045111693840386,"['bookstosa', 'fsdlearns']",725401233813434369,Jenna_Breite,"Fullerton, CA",138,False,,,0,0.0,0.651,0.349,0.8802,positive
2.0,2021-11-17,17:00:00,"2017 Bobcat E50 #excavator ⏬

A/C, hydraulic bucket disconnect, hydraulic thumb, blade, 2 speed, rubber tracks, 50 HP &amp; 2410 hours, listed by Bryan's Farm &amp; Industrial Supply: https://t.co/mJ1NrtyAzI

#OntAg #FarmEquipment #Bobcat #Machinery #AgTwitter https://t.co/XQEJzfHCbX",1461016280224309250,"['excavator', 'OntAg', 'FarmEquipment', 'Bobcat', 'Machinery', 'AgTwitter']",78892811,OntAg,Ontario,25169,True,,,0,0.0,1.0,0.0,0.0,neutral
3.0,2021-11-17,15:36:56,#Bobcat. Only in LA! Another surprise in the Backyard! https://t.co/K2FRrXMZdX,1460995375213707269,['Bobcat'],273766668,DrRobertKlapper,"Los Angeles, CA",21576,False,,,0,0.0,0.77,0.23,0.3987,positive
4.0,2021-11-17,15:15:15,@PiperPerabo @Yellowstone Like a true Bobcat,1460989921036935171,[],66865119,jacobsaylor,"Los Angeles, CA",962,True,,,0,0.0,0.43,0.57,0.6486,positive
5.0,2021-11-17,08:58:05,@Venice311 @ai6yrham @LauraLeeActor @engineco16 @SuzsSinamonRolz @CameraTrapSue @geococcyxcal @jsilv579 @keith_johnson Is that a bobcat in Venice?,1460895001370501128,[],592495886,SantaMonicaPaws,"Playa del Rey, CA",113,True,,,0,0.0,1.0,0.0,0.0,neutral
6.0,2021-11-17,06:28:15,@BOBCATiot @helium getting the bobcat THE PEOPLES MJNER. would be a great way to kickoff the holidays.,1460857294443343872,[],1268053094996180992,DelJunele,"Los Angeles, CA",8,False,,,0,0.0,0.691,0.309,0.7717,positive
7.0,2021-11-17,05:46:26,"@ai6yrham The Tucker Wildlife Sanctuary is a little gem hidden in Modjeska Canyon here in Orange County. One visit I saw a Bobcat walking along the dried stream bed, followed by my wife calling out ""here kitty, kitty."" ""That's a wild animal you're following,"" I screamed. 😆",1460846771756847106,[],800760635512393729,davidhcrocker,"Placentia, CA",98,True,,,0,0.044,0.907,0.048,0.0516,positive
8.0,2021-11-17,05:30:59,@net4for3 @ai6yrham @LauraLeeActor @engineco16 @SuzsSinamonRolz @CameraTrapSue @geococcyxcal @jsilv579 @keith_johnson Murder floof is Maji the bobcat… I am using @WyzeCam v3 indoor/outdoor cams and some of their outdoor modules. I love them! Skunk got spooked! https://t.co/BqVTbAHOrX,1460842884161150982,[],237620107,Venice311,"Venice, CA 90291",187403,True,,,0,0.124,0.777,0.099,-0.2695,negative
9.0,2021-11-17,01:21:22,"This backyard in the middle of Los Angeles attracts bobcats, turkey vultures, ravens, screech owls, a one-eyed coyote, white-crowned sparrows and one pregnant squirrel named Mrs. Bonita--over 75 species in all. Check it out if you break for #wildlife 
https://t.co/rsLJAVKmPW",1460780064644079621,['wildlife'],385548573,dkizis,"Los Angeles, CA",322,True,,,1,0.053,0.884,0.063,0.1027,positive
10.0,2021-11-16,22:28:30,Bobcat is plotting when it will bite it off. Go to bathroom 🪥. #NastyNerds https://t.co/sJaiX0knfe,1460736564959473667,['NastyNerds'],1437035778664583176,FabergeF,"Beverly Hills, CA",10,False,,,0,0.0,1.0,0.0,0.0,neutral
11.0,2021-11-16,22:23:56,"Mark your calendars, Bobcats! https://t.co/jspVBudXLz",1460735414256291844,[],18748365,SaddlebackColl,"Mission Viejo, CA",3552,True,,,0,0.0,1.0,0.0,0.0,neutral
12.0,2021-11-16,21:44:12,"🚫 Do not approach a mountain lion or its cubs
🗣️ If a mountain lion behaves aggressively, wave your arms slowly and speak firmly in a loud voice

#LaVerne residents can report mountain lion encounters or incidents to the @IVHSSPCA Emergency Dispatch at (909) 594-9858 (2/2)",1460725416386183169,['LaVerne'],1291412668566212609,cityoflaverneca,"La Verne, CA",230,False,,,1,0.098,0.902,0.0,-0.5994,negative
13.0,2021-11-16,21:44:12,"With mountain lions &amp; other wildlife present in our beautiful foothill community, please keep the following safety tips in mind:

🌄 Do not walk pets at dusk or dawn
🔊 Make your presence known with loud noises
🐶 Do not leave pets or pet food outside and unattended (1/2) https://t.co/G5swNDuZJM",1460725414909808640,[],1291412668566212609,cityoflaverneca,"La Verne, CA",230,False,,,0,0.0,0.834,0.166,0.8461,positive
14.0,2021-11-16,19:39:33,I’m just gonna say it. How I do 1 thing is NOT how I do everything. I don’t eat falafel the same way I sprint away from a mountain lion. Jesus.,1460694046553239552,[],487829017,KevinLeoCleary,"Los Angeles,CA",33,False,,,1,0.0,1.0,0.0,0.0,neutral
15.0,2021-11-16,19:21:29,Christian's goal in the second minute secured the points for us against Maryland Bobcats last time 🔥 https://t.co/UNXMbhvlI4,1460689498715697160,[],851855109633875968,CalUtdStrikers,"Orange County, CA",2388,True,,,0,0.114,0.758,0.128,0.0772,positive
16.0,2021-11-16,18:56:46,Our Mountain Lions are ready to enjoy a nutritional lunch today 🖤💛 @WestCovinaUSD https://t.co/2wtkelmKPt,1460683277744807939,[],1030116378953404416,MonteVistaWCUSD,"West Covina, CA",85,False,,,0,0.0,0.48,0.52,0.9337,positive
17.0,2021-11-16,18:21:38,"""Bobby"" our Bobcat just signed up for the @OntMontPS  @CityofOntario Reindeer Run -- sign up with Edison! https://t.co/yz4WsbuMXG #EdisonStrong https://t.co/AtNJKpfzVt",1460674437515145216,['EdisonStrong'],1947535171,Edison_OMSD,"Ontario, CA",406,True,,,0,0.0,1.0,0.0,0.0,neutral
18.0,2021-11-16,18:16:41,"I mean, it is *kinda* bullshit that the Sonics and Bobcats didn't at least take a chance on Caruso. Given their current stations, what did they have to lose? AK https://t.co/tGn43QZAf8",1460673192125612035,[],98499376,KamBrothers,"Los Angeles, CA",45791,True,,,0,0.171,0.773,0.055,-0.6378,negative
19.0,2021-11-16,18:04:25,@MuD_WiSeR Then I’ll feed you the a mountain lion lol.,1460670106095161344,[],1146426743579799552,swayzedanks,"Boyle Heights, Los Angeles",625,True,,,1,0.0,0.763,0.237,0.4215,positive
20.0,2021-11-16,17:58:37,"@VoskCoin @getmntd_ @BOBCATiot I’m considering buying two bobcat miners, do you know how long they take to ship? I read somewhere it takes 8-12 weeks?",1460668643918815236,[],320383966,ca1ebs,"Beverly Hills, CA",5672,True,,,0,0.0,1.0,0.0,0.0,neutral
21.0,2021-11-16,17:10:42,"@getmntd_ That’s why Bobcat, even with the shipment dates, is the way to go.",1460656587341631491,[],37142017,SmittyBoy007,"Inglewood, CA USA",24,True,,,0,0.0,1.0,0.0,0.0,neutral
22.0,2021-11-16,16:00:35,@BOBCATiot @helium Hey Bobcat in 3 days it will be 22 weeks and counting! Where’s my Bobcat 300?!  Not the 20 like promised on your site but 21 WEEKS! And you guys aren’t even close to my date yet? I could win this and get it faster! WTF!!???? Order was 06/18/21 https://t.co/Nisys8Fx8u,1460638942663905282,[],937791876,calicowboysfan1,"Simi Valley, CA",29,True,,,0,0.154,0.739,0.107,-0.6165,negative
23.0,2021-11-16,15:30:29,@BOBCATiot @helium Done! Let me get that bobcat!,1460631365574033411,[],30789560,sreed22,"Reseda, CA",39,False,,,0,0.0,1.0,0.0,0.0,neutral
24.0,2021-11-16,13:42:28,"Toledo Rockets vs Ohio Bobcats 11/16/2021 Picks Predictions Previews

https://t.co/ydW4HVQYG8

#NCAAFprediction #NCAAFbetting #NCAAFparlay #NCAAF #NCAAFpicks #freepick #freepicks #handicapper #sportspicks #collegefootball #odds #picks #sportsbetting #expertpicks #Rockets #Bobcats https://t.co/VPWovOfTm2",1460604183510351880,"['NCAAFprediction', 'NCAAFbetting', 'NCAAFparlay', 'NCAAF', 'NCAAFpicks', 'freepick', 'freepicks', 'handicapper', 'sportspicks', 'collegefootball', 'odds', 'picks', 'sportsbetting', 'expertpicks', 'Rockets', 'Bobcats']",14900401,tonyspicks,Las Vegas and Los Angeles,3576,False,,,0,0.0,1.0,0.0,0.0,neutral
25.0,2021-11-16,13:17:23,@ValChavez2018 @Asael_Ruvalcaba @Amy_A_Ruvalcaba @BetsyCallanan @DiocelinaBelle @educategalore @RyanBJackson1 @MrNunesteach @literacy_kim @CoachGoodman @DarrinMPeppard @DrRenaeBryant @DrMariaMPoulin @zjgalvan @RHHS_Bobcats Twinsies,1460597871326072836,[],776939303955894272,PrincipalRoRod,"Riverside, CA",1244,False,,,0,0.0,1.0,0.0,0.0,neutral
26.0,2021-11-16,12:50:54,"When you try to sleep in past 4am, but you have a mountain lion sleeping on your chest :/ https://t.co/dGcHhTO3m5",1460591204052078592,[],71567606,6633north,,194,True,,,1,0.14,0.86,0.0,-0.4767,negative
27.0,2021-11-16,10:07:05,"Was terrified thinking a mountain lion or full grown man was running around on our rooftops at 2 am
It’s five raccoons",1460549979030704130,[],1254133274034573312,agavnythepigeon,Los Angeles,3247,False,,,1,0.16,0.84,0.0,-0.6124,negative
28.0,2021-11-15,22:25:21,"Our Mountain Lions are ""Capturing Kid's Hearts"" by demonstrating thier knowledge of Empathy 💛🖤 @westcovinausd @iheartckh https://t.co/k7FisOCCvw",1460373382675910657,[],1030116378953404416,MonteVistaWCUSD,"West Covina, CA",85,False,,,0,0.0,0.572,0.428,0.9287,positive
29.0,2021-11-15,22:10:29,Awesome tasty fruit pop treat every Bobcat today thanks to our PFO and our amazing community #PFOMemberDrive https://t.co/nMdrXoFOCc,1460369639544791044,['PFOMemberDrive'],1947535171,Edison_OMSD,"Ontario, CA",406,True,,,0,0.0,0.509,0.491,0.926,positive
30.0,2021-11-15,21:59:28,@MattfromKC Idk but he looks like Bobcat Goldthwait,1460366868934393859,[],1452127235427561475,Scot53235243,"Los Angeles, CA",15,False,,,0,0.115,0.574,0.311,0.4678,positive
31.0,2021-11-15,20:14:16,Mountain lion attacks dog; bear chills at local San Dimas elementary school. What all the wild animal visits to foothill cities abutting the Angeles National Forest? https://t.co/B9rjriP1Ku,1460340393166323712,[],149005403,stevscaz,"Ontario, CA",2512,True,,,1,0.1,0.9,0.0,-0.4404,negative
32.0,2021-11-15,19:01:30,In Defense of Animals gives #SaveLACougars a giant check to help build the Wallis Annenberg #WildlifeCrossing so cougars and bobcats can find mates and survive in #LosAngeles! #101WildlifeCrossing https://t.co/rF75YMbIsM,1460322081308954629,"['SaveLACougars', 'WildlifeCrossing', 'LosAngeles', '101WildlifeCrossing']",148620995,calminsensehypn,"Santa Clarita, CA",3283,False,,,1,0.0,0.857,0.143,0.5411,positive
33.0,2021-11-15,17:49:27,Mountain lion work. ®️👁‍🗨✖️ https://t.co/bnJjn6hubM,1460303950737920000,[],1692255656,ROXSystem,"Los Angeles, CA",1440,False,,,1,0.0,1.0,0.0,0.0,neutral
34.0,2021-11-15,16:19:42,@TimMacias @w_sgvscanner2 Indeed! Had a Mountain Lion on Veterans Day. That was a first.,1460281364591230982,[],1382777258,MaritzaTravanti,Monrovia ,541,True,,,0,0.0,1.0,0.0,0.0,neutral
35.0,2021-11-15,16:05:54,"LouAnne is my wife. This is our yard! @Chris_Meloni @Mariska Ravens, Bobcats, Deer, Oh My! A Suburban Backyard Turns Into a Wildlife Oasis https://t.co/8liHueSlI0 via @sunset",1460277888922443783,[],37924612,ilenechaiken,Los Angeles,42578,False,,,1,0.0,1.0,0.0,0.0,neutral
36.0,2021-11-15,13:24:58,"There's a little bit of money in here for wildlife bridges over freeways. Yay for the genetic diversity of LA's mountain lions :)
https://t.co/ANjLYufP8v",1460237389532524544,[],391031153,SOSuburbia,"Whittier, California",254,False,,,0,0.0,0.775,0.225,0.7506,positive
37.0,2021-11-15,12:20:00,"2017 Bobcat E50 #excavator ⏬

A/C, hydraulic bucket disconnect, hydraulic thumb, blade, 2 speed, rubber tracks, 50 HP &amp; 2410 hours, listed by Bryan's Farm &amp; Industrial Supply: https://t.co/mJ1NrtyAzI

#OntAg #FarmEquipment #Bobcat #Machinery #AgTwitter https://t.co/s1gCxXjU7b",1460221040575930368,"['excavator', 'OntAg', 'FarmEquipment', 'Bobcat', 'Machinery', 'AgTwitter']",78892811,OntAg,Ontario,25169,True,,,0,0.0,1.0,0.0,0.0,neutral
38.0,2021-11-15,06:32:16,"After 4 nights away and several reports from neighbors of predators including videos of #bobcat and #coyote Floofles the #zen master returned and ate a big bellyfull. #feral #cats 😻 @ Los Angeles, California https://t.co/7DWK1sovCj",1460133532102275072,"['bobcat', 'coyote', 'zen', 'feral', 'cats']",89769159,LorraineEvanoff,Los Angeles,9857,True,-118.2445,34.0564,1,0.0,0.927,0.073,0.4588,positive
39.0,2021-11-15,06:30:21,@tylerjanke I legit thought u were talking about this bobcat https://t.co/gwaAmH0ZLg,1460133048117186569,[],847258093679394816,MikeMoores216,"Norco, CA",21,False,,,1,0.0,1.0,0.0,0.0,neutral
40.0,2021-11-15,05:05:51,"@ai6yrham Yeah I’ve gotten many voicemails, text alerts and email notices of the mountain lion in our neighborhood this week.",1460111782404521984,[],539679763,GhostGirlsKim,Camarillo California,258,False,,,1,0.0,0.896,0.104,0.296,positive
41.0,2021-11-15,04:28:28,@BigSkyConf @BigSkyFB @SacHornetsFB Go Bobcats,1460102376233189378,[],884137004841156608,BigjJazzyJefff,"Los Angeles, CA",170,False,,,0,0.0,1.0,0.0,0.0,neutral
42.0,2021-11-15,03:55:30,another mountain lion sighting at ci 😮‍💨😵‍💫,1460094078608048130,[],1293978910388924416,twoeternalfish,"Los Angeles, CA",8,True,,,1,0.226,0.774,0.0,-0.4215,negative
43.0,2021-11-14,22:25:40,"@BOBCATiot @helium These issues are getting frustrating… one of my bobcats just stopped all activity a few days ago Doing absolutely nothing, can’t even get diagnostics to run Whats going on??? A reply would be much appreciated",1460011074804076545,[],981232209859305473,Sean__Michael,"Los Angeles, CA",409,False,,,1,0.047,0.859,0.094,0.4479,positive
44.0,2021-11-14,22:24:24,"@davidsunlee @DGerowPR @BeersWithAndres @RTBarstool Only thing around me are lizards, wild bunnies, bobcats, snakes &amp; coyotes.",1460010754740940801,[],1324923534276096001,AprilEssence,"Los Angeles, CA",618,False,,,0,0.0,1.0,0.0,0.0,neutral
45.0,2021-11-14,21:23:30,@yilmadimdevam @BOBCATiot @helium I wanted to buy 10 bobcat and I’m in LOS ANGELES. I joined the telegram group and said I need help and all these weirdos started calling me,1459995430335385600,[],3337744005,FXitRight,"Oxnard, CA",32,True,,,0,0.062,0.858,0.08,0.1531,positive
46.0,2021-11-14,19:54:18,There’s a pair of baby bobcats living around my house. They’re so cute 😭 rolling around playing right outside my window,1459972983103975424,[],20369752,Nina_Kate,Los Angeles,13536,True,,,1,0.116,0.689,0.195,0.3188,positive
47.0,2021-11-14,19:27:25,"This year's calendar will include endangered and threatened species, including polar bears, sea turtles, lions, mountain gorillas and more.

I'll take presales until Nov 26, then I'll place the order.

The link only allows you to order one at a time. If you want more, please DM.",1459966217960103936,[],126099878,DanielleVEsq,"Los Angeles, CA",1953,True,,,0,0.059,0.865,0.076,-0.0276,neutral
48.0,2021-11-14,16:48:03,"#SundayRead Wildlife crossing infrastructure is critical to both transportation safety &amp; ecosystem health 🦁.

TNC &amp; partners, including @CaltransHQ &amp; the CA Wildlife Conservation Board, are working to find a path for mountain lions.
📰 @ocregister 

https://t.co/TlfoR1t0Pj",1459926111975051274,['SundayRead'],479840281,Conserve_CA,Sacramento / Los Angeles,4826,True,,,0,0.056,0.876,0.068,0.128,positive
49.0,2021-11-14,05:12:08,Bobcats dominate the 2nd half and beat San Bernardino Valley 42-7 @GoSCBobcats https://t.co/XcT6SguMaG,1459750975221075972,[],4553797278,JPWestPhoto,"Huntington Beach, CA",1347,True,,,0,0.111,0.889,0.0,-0.128,negative
50.0,2021-11-14,03:41:21,"6' | UC Merced Goal. Bobcats get on the board first.

MCU 0 - 1 UC Merced

#AnchorDown",1459728132597030917,['AnchorDown'],420118846,MCUMariners,Rancho Palos Verdes,640,True,,,0,0.0,1.0,0.0,0.0,neutral
51.0,2021-11-14,03:35:55,The bobcat at Oakwood! https://t.co/pnK4bsu0Y8,1459726763630624772,[],1335014505999265793,RyanWhittick,"Los Angeles, CA",112,False,,,1,0.0,1.0,0.0,0.0,neutral
52.0,2021-11-14,02:42:57,@DivCultivator @helium @BOBCATiot I know the Nebras have an outdoor version that’s basically just a weatherproof enclosure. The Bobcat has that too?,1459713432521887748,[],13595872,MadHatterTradeZ,"Los Angeles, CA, USA",349,True,,,0,0.0,1.0,0.0,0.0,neutral
53.0,2021-11-14,02:16:25,"@PastorTrey05 Half of them are normal animals. Bears, Bruins, Aggies, Bobcats",1459706758780239875,[],137238073,kevncho,Los Angeles,277,False,,,0,0.0,1.0,0.0,0.0,neutral
54.0,2021-11-14,01:46:40,@dd9000 Cotton is not evil — he’s just mean! I’m not sure he is a match for a mountain lion!,1459699268428521481,[],132651775,AttyCarolRN,"Ventura, CA",1582,False,,,0,0.082,0.748,0.17,0.4833,positive
55.0,2021-11-13,22:48:55,Mountain lion and bear sightings shake up Angeles National Forest foothill communities https://t.co/6EFEFWtpYY,1459654537967374337,[],726966419456290817,BrunelShawn,La Verne CA,319,False,,,1,0.124,0.876,0.0,-0.1779,negative
56.0,2021-11-13,18:50:26,"@astro3710 @helium @BOBCATiot @0xPolygon I have a bobcat miner too! Although, I can't get a good signal gonna try again tonight",1459594519406469127,[],1441616372996317190,crypto_stage,Los angeles,95,False,,,0,0.119,0.881,0.0,-0.4015,negative
57.0,2021-11-13,18:13:52,"Your house were built in a place where mountain lions have lived for thousands of years.  On the bright side, it's not a sabre toothed cat, they used to live here, too.  Google that one. https://t.co/ni4dbWJtpc",1459585317971791874,[],731154050071314432,steveemig43,"Studio City, CA",75,False,,,1,0.0,0.923,0.077,0.4404,positive
58.0,2021-11-13,09:08:16,Bobcat hunting a baby alligator. https://t.co/uYcnD92NcA,1459448015349968898,[],975659401808961536,LeagueAlain,"Long Beach, CA",1899,False,,,0,0.0,1.0,0.0,0.0,neutral
59.0,2021-11-13,06:06:56,Bobcats- don’t forget shows at 2 and 7 both sat and Sunday— it’s an amazing show! #ConejoForward https://t.co/6VxnzA76Xk,1459402380349296641,['ConejoForward'],3187014374,BanyanBobcats,"Newbury Park, CA",464,False,,,0,0.086,0.728,0.186,0.4926,positive
60.0,2021-11-13,05:54:40,"OMG! Look at this huge mountain lion who was not only spotted in our neighborhood but he came into our backyard today, jumping over our wall to my neighbors house! They live in the Santa Monica Mountains..he's obviously looking for food! How sad is this!?😢Keep your pets indoors! https://t.co/cwh6dFf3O5",1459399291273838595,[],4554565693,andibeth012,"Los Angeles, CA",22512,True,,,1,0.16,0.81,0.031,-0.8643,negative
61.0,2021-11-13,05:44:42,"News Feed — Nextdoor    We saw a huge male mountain Lion in our yard! OMG! He jumped over our wall to our neighbors house! He’s obviously seeking food😢..they live in the Santa Monica mountains! This is sad, especially with cats outdoors!  https://t.co/ppunRMHoIU",1459396783746871297,[],4554565693,andibeth012,"Los Angeles, CA",22512,True,,,1,0.145,0.809,0.045,-0.7243,negative
62.0,2021-11-13,03:59:50,"Bobcat Goldthwait shouted out @bornferal and @fritzisdead on the last laugh podcast.  
This guy gets it.",1459370396575145985,[],980610466501160961,maxbeasleyyy,"Los Angeles, CA",486,True,,,0,0.0,0.806,0.194,0.5574,positive
63.0,2021-11-13,03:12:20,@AlisonRosen I wanna be besties with Bobcat,1459358441953103878,[],325980964,PussycowLA,Los Angeles,973,True,,,0,0.0,1.0,0.0,0.0,neutral
64.0,2021-11-13,02:59:23,"Some cities, such as Rome, took advantage of the opportunity to record monuments that are typically surrounded by tourists. In San Francisco, wild animals reclaimed the streets: coyotes and a mountain lion were the new travelers. City streets became their own clean plate frames.",1459355180026130434,[],368547681,JanzaBlake,"Manhattan Beach, CA",310,False,,,1,0.0,0.845,0.155,0.7579,positive
65.0,2021-11-13,02:28:34,Mid 2012 MBP getting its final os on the dual boot. It’s 10.8.5 Mountain Lion &amp; 10.15 Catalina foreeeeeevvvvvveeeerrrrrrr. SSL rules.,1459347427425599491,[],1567595982,PrestonDirges,"Los Angeles, CA",35,False,,,0,0.0,1.0,0.0,0.0,neutral
66.0,2021-11-13,00:58:21,"NEW: Mountain Lions, bobcats and bears, 'oh my!' says residents in cities along the foothills of the Angeles National Forest. The latest from me and @stevscaz on what's causing these recent animal encounters @ivdailybulletin @SGVTribune. 

https://t.co/jeL9I0ce1l",1459324723997790210,[],70080364,TheeJavierRojas,"Boyle Heights, CA",982,True,,,0,0.0,1.0,0.0,0.0,neutral
67.0,2021-11-13,00:36:07,Mountain lion and bear sightings shake up Angeles National Forest foothill communities https://t.co/J1M0AABv1r,1459319126669803525,[],163633469,presstelegram,"Long Beach, CA",21840,False,,,1,0.124,0.876,0.0,-0.1779,negative
68.0,2021-11-13,00:21:17,Mountain lion and bear sightings shake up Angeles National Forest foothill communities https://t.co/1fCuBYLMl1,1459315395899310088,[],357855989,DailyBreezeNews,"Torrance, CA",45385,False,,,1,0.124,0.876,0.0,-0.1779,negative
69.0,2021-11-13,00:14:13,Mountain lion and bear sightings shake up Angeles National Forest foothill communities https://t.co/B9rjriP1Ku,1459313617262694405,[],149005403,stevscaz,"Ontario, CA",2512,True,,,1,0.124,0.876,0.0,-0.1779,negative
70.0,2021-11-13,00:06:26,Mountain lion and bear sightings shake up Angeles National Forest foothill communities https://t.co/VKYpzNuiCo,1459311655687446533,[],36739057,ivdailybulletin,"Ontario, CA",14570,True,,,1,0.124,0.876,0.0,-0.1779,negative
71.0,2021-11-13,00:06:25,Mountain lion and bear sightings shake up Angeles National Forest foothill communities https://t.co/EA32OMPZaE,1459311653565173761,[],19312573,SGVTribune,"Monrovia, CA",38978,False,,,1,0.124,0.876,0.0,-0.1779,negative
72.0,2021-11-13,00:06:25,Mountain lion and bear sightings shake up Angeles National Forest foothill communities https://t.co/lP0o23eUoK,1459311651220561924,[],17820493,ocregister,"Orange County, CA",221950,True,,,1,0.124,0.876,0.0,-0.1779,negative
73.0,2021-11-13,00:06:24,Mountain lion and bear sightings shake up Angeles National Forest foothill communities https://t.co/hq65iThymw,1459311651006693379,[],15937533,pressenterprise,"Riverside, CA",100775,True,,,1,0.124,0.876,0.0,-0.1779,negative
74.0,2021-11-13,00:05:50,Mountain lion and bear sightings shake up Angeles National Forest foothill communities https://t.co/OfPqtUjfGB,1459311506114420744,[],48791466,RedlandsNews,"Redlands, CA",10195,False,,,1,0.124,0.876,0.0,-0.1779,negative
75.0,2021-11-13,00:05:49,Mountain lion and bear sightings shake up Angeles National Forest foothill communities https://t.co/8LbjWXWmYV,1459311503895666692,[],36726529,sbsun,"San Bernardino, CA",44235,True,,,1,0.124,0.876,0.0,-0.1779,negative
76.0,2021-11-12,23:52:08,@Alyssafarah I’m telling you - I prefer the bobcats of LA to the rats of DC…,1459308058182512643,[],174654182,JohannaMaska,"Los Angeles, CA",3674,True,,,0,0.0,1.0,0.0,0.0,neutral
77.0,2021-11-12,21:52:48,"@TifYearofRabbit That's exactly what a baby mountain lion ninja in a domestic cat costume would say.    
After all it's purrfect disguise.",1459278025908887552,[],205500443,breaks_dj,"Los Angeles, CA",465,True,,,0,0.091,0.909,0.0,-0.25,negative
78.0,2021-11-12,20:32:58,"Congratulations to our amazing Mrs Poore who has helped our Bobcats learn English for over 14 years as she transitions into retirement. Thank you so much! We will miss you!
#BobcatsReunited #ConejoForward https://t.co/soLQpf9gzx",1459257936920793094,"['BobcatsReunited', 'ConejoForward']",3187014374,BanyanBobcats,"Newbury Park, CA",464,False,,,0,0.039,0.701,0.261,0.8802,positive
79.0,2021-11-12,20:19:07,"Wildlife crossing infrastructure is critical to both transportation safety &amp; ecosystem health 🦁.

TNC &amp; partners, including @CaltransHQ &amp; the CA Wildlife Conservation Board, are working to find a path for mountain lions.
📰 @MartinWisckol @ocregister 

https://t.co/k0rzdtF2T5",1459254449545822208,[],479840281,Conserve_CA,Sacramento / Los Angeles,4826,True,,,0,0.056,0.876,0.068,0.128,positive
80.0,2021-11-12,20:12:03,"We need to think big connected landscapes.   

Landscape scale conservation that provides linkages between ranges is how we stave off the extinction crisis. 

#30x30 

https://t.co/pF2V37c9OT",1459252671605530627,['30x30'],2938546154,daniel_rossman,"Pasadena, CA",250,False,,,0,0.146,0.854,0.0,-0.6249,negative
81.0,2021-11-12,19:42:04,“Big ol’ bobcat” 😂😂,1459245128107769858,[],107832323,aloha_caleb96,"Jurupa Valley, CA",352,True,,,0,0.186,0.441,0.373,0.7003,positive
82.0,2021-11-12,19:38:00,"San Dimas resident Jeff Peiten spotted a #bobcat outside his home on Wednesday. It’s one of many recent high profile incidents where wild animals, including mountain lions and bears, have been spotted in neighboring foothill cities like La Verne and Sierra Madre. https://t.co/63aoNR5S4k",1459244105926463492,['bobcat'],70080364,TheeJavierRojas,"Boyle Heights, CA",982,True,,,1,0.0,0.944,0.056,0.3612,positive
83.0,2021-11-12,18:21:27,"@benschwartz_ Google translates that headline to ""Bobcat Goldthwait breaks his 30-year-old beef with teen lover Jerry Seinfeld,"" I'm guessing something was lost in the translation...",1459224841504976896,[],16504211,fordgilmore,"Los Angeles, CA",772,False,,,0,0.079,0.79,0.131,0.3612,positive
84.0,2021-11-12,16:17:00,"Ravens, Bobcats, Deer, Oh My! A Suburban Backyard Turns Into a Wildlife Oasis https://t.co/FNlpu9r43f https://t.co/KWUBHwHIPh",1459193521164980225,[],21689161,sunset,"Los Angeles, CA",68539,True,,,1,0.0,1.0,0.0,0.0,neutral
85.0,2021-11-12,16:11:45,"BRANSON, Mo. — Evan Cox, a senior at Windsor High School in Loveland, Colo., topped a talented field of 54 anglers from across the country at the BBZ JC World Finals on Lake Taneycomo to claim a fully loaded 2021 Bass Cat Bobcat. 

https://t.co/yCxrtpWhzP
#basscatboats #bbz https://t.co/pb6PRQi4EH",1459192200160493576,"['basscatboats', 'bbz']",393565211,billsiemantel,"Castaic, California",1239,False,,,0,0.0,0.933,0.067,0.5106,positive
86.0,2021-11-12,15:56:23,"This visualizes 20 years of carnivore research in @SantaMonicaMtns. Each point is a GPS marker where a coyote, bobcat or mountain lion was at a point in time. It shows how animals and humans co-exist. More info: https://t.co/4F2MYQTVAP https://t.co/8239Fmez0G",1459188332231938052,[],2825726312,SamoFund,"Thousand Oaks, CA",1227,False,,,0,0.0,1.0,0.0,0.0,neutral
87.0,2021-11-12,15:51:35,"and for future Lady Bobcats.  You've played hard.  You've had fun.  And, you've kicked A$$.  I wish you a blessed and fulfilling future.

Take care, ladies.  I'll see you all next season.
Peace and love, Coach Carlie's mom 💙💙💙 3/3",1459187122653446144,[],1187465652283379712,juliemack2014,"Los Angeles, CA",34,True,,,0,0.02,0.478,0.503,0.9886,positive
88.0,2021-11-12,15:46:16,"Welp, not the way anyone wanted the season to end. Yet, there is so much to celebrate about this season and the amazing women who took the court and represented the Bobcats.  
Congratulations on an incredible season and continuing the established tradition of  1/x https://t.co/DH64LyYrVC",1459185785266065411,[],1187465652283379712,juliemack2014,"Los Angeles, CA",34,True,,,0,0.0,0.783,0.217,0.9129,positive
89.0,2021-11-12,15:46:14,@garyvee Boss Bobcat!! 💚 https://t.co/bp6v7A0cxl,1459185776281804810,[],177479596,veirdfishes,"Los Angeles, CA",107,False,,,0,0.0,0.511,0.489,0.6988,positive
90.0,2021-11-12,03:58:07,"I’ll be teaching on campus this spring for the first time since the pandemic started. Today, I got a warning of a mountain lion spotted on campus. If we encounter one, we are advised not to run or to use “high pitch screams.” Now practicing keeping my screams low-pitched!",1459007575752544258,[],132651775,AttyCarolRN,"Ventura, CA",1582,False,,,1,0.094,0.906,0.0,-0.5983,negative
91.0,2021-11-12,03:41:52,"@JDstartups Wow, that’s huge. When I saw they were partnered with Lime scooters I knew it was something to watch. The backorders on Bobcats are insanely long 😅",1459003483152175104,[],1448516591902027781,ZombsteinCC,"Los Angeles, CA",676,True,,,0,0.0,0.765,0.235,0.8225,positive
92.0,2021-11-12,00:00:05,"VIDEO: Wrestling moves! I haz them! Autumn rehab bobcat at Big Cat Rescue.

You can donate to the cats at NO COST TO YOU when you select BCR as your chari...

Watch it here: https://t.co/JpPwaUIiH8

With thanks to DailyBigCat!",1458947670924357633,[],1421621215135866881,KittenNewsDaily,"Los Angeles, California",112,False,,,0,0.064,0.782,0.154,0.6301,positive
93.0,2021-11-11,23:10:13,"The second I saw her sly expression, I thought “That gal’s about to Bobcat A-Go-Go.” If you haven’t seen it, you MUST experience it! Archival Screening Night Roadshow will blow your mind, kids…#ASNRoadshow https://t.co/v3zZ6E7N5F",1458935122363752451,['ASNRoadshow'],2448732866,snowdenbecker,"Los Angeles, CA",2463,False,,,0,0.0,1.0,0.0,0.0,neutral
94.0,2021-11-11,22:13:02,Bobcat Goldthwait Breaks Down His 30-Year Beef With ‘Teen-Loving’ Jerry Seinfeld https://t.co/5LmYWcCUgM via @thedailybeast,1458920730452639748,[],25377589,TVMCCA,"Canoga Park, CA",1965,True,,,0,0.0,1.0,0.0,0.0,neutral
95.0,2021-11-11,21:43:13,Bobcat in our lawn https://t.co/E7gi18Ts7o,1458913229942374406,[],1354482773592076289,georgeRRlopez,"Los Angeles, CA",10,False,,,0,0.0,1.0,0.0,0.0,neutral
96.0,2021-11-11,20:00:10,"Crash near Simi kills mountain lion cub

Read it here: https://t.co/ooCSRJdnw7 https://t.co/PRRYeSGvoG",1458887294778175503,[],1421621215135866881,KittenNewsDaily,"Los Angeles, California",112,False,,,1,0.383,0.617,0.0,-0.7351,negative
97.0,2021-11-11,19:37:03,"Wildlife crossing infrastructure is critical to both transportation safety &amp; ecosystem health 🦁.

TNC &amp; partners, including @CaltransHQ &amp; the CA Wildlife Conservation Board, are working to find a path for mountain lions.
📰 @MartinWisckol @ocregister 

https://t.co/eTN3r7ge4a",1458881475726688256,[],479840281,Conserve_CA,Sacramento / Los Angeles,4826,True,,,0,0.056,0.876,0.068,0.128,positive
98.0,2021-11-11,19:07:31,"@garyvee @veefriends 5/11 was a wild day/ night! I’ll never forget it. I bought my first NFT, a core Boss Bobcat. Also the first time Gary responded to me on discord…basically calming me down and telling me how to avoid the $1,800+ gas fees that kept popping up with a hard reset etc. 😂",1458874044342702087,[],177479596,veirdfishes,"Los Angeles, CA",107,False,,,0,0.083,0.788,0.128,0.607,positive
99.0,2021-11-11,18:00:00,"Omar Nuno's brace to take his tally to 11 goals this season and a Minjae Kwak header sealed the points in our final home game of 2021.

Our next match is Wednesday, Nov 17th at Maryland Bobcats FC. 

#HomeOfTheDream | #NISAF21",1458857055691943938,"['HomeOfTheDream', 'NISAF21']",851855109633875968,CalUtdStrikers,"Orange County, CA",2388,True,,,0,0.0,1.0,0.0,0.0,neutral
100.0,2021-11-11,17:11:41,@voimaoy I like the bobcat! Wise,1458844893787267112,[],1401751370504368132,AmellMirai,UCLA,1894,False,,,1,0.0,0.404,0.596,0.7088,positive
101.0,2021-11-11,16:50:05,"@Zomgitsbrian @lpky @NatlGunRights @gunpolicy What do ranchers need guns for? Like, why them specifically? Real question. Like, what are Ranchers shooting? Isn't it illegal to kill bears, wolves, and mountain lions unless they're actively attacking (which is rare)? - and coyotes will run off if you have a big dog.",1458839458933973000,[],1398368041579147265,ChloeMissGurl,"Venice Beach, Los Angeles",34,False,,,1,0.122,0.7,0.178,0.3578,positive
102.0,2021-11-11,16:20:02,Bobcat Goldthwait Breaks Down His 30-Year Beef With ‘Teen-Loving’ Jerry Seinfeld https://t.co/xo2kZHB4ve via @Yahoo,1458831894947065869,[],22960461,2tall4u2,"Los Angeles, CA",51594,True,,,0,0.0,1.0,0.0,0.0,neutral
103.0,2021-11-11,16:19:49,Wildlife Photographer Comes Face to Face with a Mountain Lion https://t.co/qIYhoNO9Mx,1458831842740736002,[],18743274,uniphotography,"Studio City, California",260,True,,,1,0.0,1.0,0.0,0.0,neutral
104.0,2021-11-11,16:00:06,"VIDEO: Outside. Autumn rehab bobcat at Big Cat Rescue.

You can donate to the cats at NO COST TO YOU when you select BCR as your chari...

Watch it here: https://t.co/xKrQiobj62

With thanks to DailyBigCat!",1458826879448727557,[],1421621215135866881,KittenNewsDaily,"Los Angeles, California",112,False,,,0,0.071,0.772,0.157,0.5513,positive
105.0,2021-11-11,12:00:09,"Yellowstone Wildlife Sanctuary welcomes bobcat kitten Doug

Read it here: https://t.co/LWbcKmhblU https://t.co/9hZyzq1S8L",1458766494439915527,[],1421621215135866881,KittenNewsDaily,"Los Angeles, California",112,False,,,0,0.0,0.803,0.197,0.4019,positive
106.0,2021-11-11,05:46:50,"Aquinas grad Rankins leads Fullerton
https://t.co/hujj0NzkQK",1458672546883067912,[],1402447494605283332,PrepDawg2,"Highland, CA",237,True,,,0,0.0,1.0,0.0,0.0,neutral
107.0,2021-11-11,05:35:01,Our south Orange County mountain lion population is impacted by concrete freeway underpasses etc &amp; making pathways between sections increases breeding &amp; health. https://t.co/jUGzPbx4D0,1458669571561308166,[],481446880,christinathink,"Orange County, California",1735,False,,,1,0.0,0.95,0.05,0.0516,positive
108.0,2021-11-11,05:17:14,"@LateNightSeth @SarahKSilverman I don’t know who told you about the get big and scream while slowly moving backwards if you encounter a wild Bear, but you are mistaken. That is for a Mountain Lion also known as a Cougar.",1458665095928573952,[],1087371691,HB341,"Claremont, CA",155,True,,,1,0.121,0.879,0.0,-0.6249,negative
109.0,2021-11-11,04:32:14,im just.. gonna cut myself off from civilization and go live in the mountains everyone is pissing me off i know mountain lions would not disappoint me the way people do. consistently. without fail.,1458653773442654211,[],36441755,UndercoverMenna,"Los Angeles, CA",1995,True,,,0,0.12,0.752,0.128,0.0793,positive
110.0,2021-11-11,04:30:42,@2024delegates The mountain lions,1458653386413252613,[],753797867509157888,ubiquitousai,"Los Angeles, CA",343,False,,,1,0.0,1.0,0.0,0.0,neutral
111.0,2021-11-11,01:58:24,"Watching @NBA @DetroitPistons vs @HoustonRockets. Feels like I am watching the 2011-12 #Bobcats starting 5 vs 2011-12 #Bobcats 2nd unit.  @DavePasch, @Notorious_J_v_G, and @espn trying their best…",1458615057030336513,"['Bobcats', 'Bobcats']",827967768,mainsanity,"El Monte, CA",20,True,,,0,0.0,0.912,0.088,0.3612,positive
112.0,2021-11-11,01:32:01,"@dark_beach @ForgedinFire20 @etanthomas36 Ok, a person attacked by a mountain lion has the ability to defend oneself. A person attacked by another person is afforded the same. Whether punishment is required is up to those who examine this situation under scrutiny, like a jury.",1458608418776776704,[],186307376,n2antarctic,"Ventura, CA",226,True,,,1,0.174,0.736,0.091,-0.6597,negative
113.0,2021-11-11,00:35:26,"@BOBCATiot hey guys! i ordered my bobcat miner 300 in usdc on coinbase back on JULY 8, and as i look through my emails i have no confirmation number from you guys, only the receipt of the transaction on coinbase itself. would you mind making sure my order has been processed?",1458594180146479107,[],128961271,Ian_Eastwood,"Chicago, IL / Los Angeles, CA",240430,True,,,0,0.069,0.889,0.043,-0.1063,negative
114.0,2021-11-11,00:00:06,"VIDEO: Going outside! NOT! Autumn rehab bobcat at Big Cat Rescue.

You can donate to the cats at NO COST TO YOU when you select BCR as your chari...

Watch it here: https://t.co/3C5OIJeLUH

With thanks to DailyBigCat!",1458585286732959749,[],1421621215135866881,KittenNewsDaily,"Los Angeles, California",112,False,,,0,0.067,0.773,0.161,0.6301,positive
115.0,2021-11-10,23:00:34,"November 15, 2021 | Bobcat Breeze is now online. https://t.co/YLs4wer6nW",1458570307221049346,[],1947535171,Edison_OMSD,"Ontario, CA",406,True,,,0,0.0,1.0,0.0,0.0,neutral
116.0,2021-11-10,22:37:46,"@BOBCATiot hey guys! i ordered my bobcat miner 300 in usdc on coinbase back on JULY 8, and as i look through my emails i have no confirmation number from you guys, only the receipt of the transaction on coinbase itself.",1458564566003052547,[],128961271,Ian_Eastwood,"Chicago, IL / Los Angeles, CA",240430,True,,,0,0.087,0.913,0.0,-0.4047,negative
117.0,2021-11-10,21:28:23,Congratulations to @mexicanmike7 on becoming a Bobcat. https://t.co/64ZnCV4zVs,1458547105988059137,[],789837126368169986,BPAtravelball,"Laguna Niguel, CA",2655,True,,,0,0.0,0.642,0.358,0.5994,positive
118.0,2021-11-10,21:25:03,@Jenna_Breite @tosa_esther Our bobcats are so thankful for you guys! 💚💚💚,1458546269865930753,[],1004906297135755264,hye_cindy,"Fullerton, CA",64,False,,,0,0.0,0.405,0.595,0.9619,positive
119.0,2021-11-10,20:49:27,"Solid progress on cougar wildlife corridors at the Santa Monica and Santa Ana mountains, just as evidence emerges that inbreeding is getting close to endangering fertility. @CougarConserv @MtnLionFdn @MountainLionP22 @nwf @nature_org @Conserve_CA   https://t.co/KWJVXpwGuz",1458537308727111682,[],21434362,MartinWisckol,"Orange County, California",2523,False,,,1,0.0,0.876,0.124,0.5267,positive
120.0,2021-11-10,20:34:36,"For agencies responding to the Bobcat Fire, Hurricane Sally, and other natural hazards, First Due—together with #ArcGIS technology—gives emergency personnel the tools to deliver  more comprehensive services to people in peril. #EsriPartner @firstduesizeup 
https://t.co/vxJnUGggtf",1458533573397467149,"['ArcGIS', 'EsriPartner']",142355196,EsriPartners,"Redlands, CA",4614,True,,,0,0.186,0.699,0.116,-0.4417,negative
121.0,2021-11-10,19:10:31,"@DylantheMounta1 Keep checking.  I like the idea of mountain lions asking folks for vaccine cards.  We should step that up, for adequate compensation (1 deer a week?) of course.",1458512413947355136,[],731154050071314432,steveemig43,"Studio City, CA",75,False,,,0,0.0,0.86,0.14,0.5267,positive
122.0,2021-11-10,18:10:05,@HugoLakeshow Bobcats used to cook Lakers too.,1458497205325611014,[],746717137574604800,Harley_Versace,"Los Angeles, CA",159,True,,,0,0.0,1.0,0.0,0.0,neutral
123.0,2021-11-10,17:43:34,Art of the masters is back! Thank you @trumaebelle for your amazing work and all of our amazing volunteers for helping bring the arts back to our bobcats! #BobcatsReunited #ConejoForward https://t.co/CvHaMf6Avo,1458490530837401617,"['BobcatsReunited', 'ConejoForward']",3187014374,BanyanBobcats,"Newbury Park, CA",464,False,,,0,0.0,0.677,0.323,0.9167,positive
124.0,2021-11-10,16:54:13,"@1Farts @TimJDillon I never said he was Seinfeld or Chappelle, but nobody is on their level. Maybe Gervais. Kinison, Carlin, maybe Bobcat Golthwait.",1458478110253338629,[],1429115087835471882,AnthoyAntwon,"Anaheim, CA",8,False,,,0,0.0,1.0,0.0,0.0,neutral
125.0,2021-11-10,16:42:21,"Bobcats are members of the cat family. NPS biologists have been studying them in @SantaMonicaMtns for over 20 years. Like all wildlife, they’re vulnerable to anti-coagulant rodenticide. Don’t use it. There are alternatives: https://t.co/TEJM8cPdtU #WildlifeWednesday #wildlife https://t.co/N8A2GFYx29",1458475123212578818,"['WildlifeWednesday', 'wildlife']",2825726312,SamoFund,"Thousand Oaks, CA",1227,False,,,0,0.048,0.888,0.063,0.1531,positive
126.0,2021-11-10,15:59:38,We picked up the mountain lions trail again today 😳 https://t.co/MuYd9wIjJQ,1458464375178600455,[],1047531503058530304,gonenlab,"Los Angeles, CA",3610,False,,,1,0.0,1.0,0.0,0.0,neutral
127.0,2021-11-10,15:39:39,@BOBCATiot 22 weeks and counting done I ordered my Bobcat miner in June. Hopefully I'll have my miner before the end of the year.,1458459347202179073,[],35958736,aj35nla,Los Angeles,222,True,,,0,0.0,0.895,0.105,0.4019,positive
128.0,2021-11-10,15:04:06,"Local mountain lion inbreeding grows dire, but relief in sight https://t.co/f7He5Msyx6",1458450399795597316,[],15937533,pressenterprise,"Riverside, CA",100775,True,,,1,0.132,0.594,0.274,0.4854,positive
129.0,2021-11-10,15:04:05,"Local mountain lion inbreeding grows dire, but relief in sight https://t.co/AD15zmJBGN",1458450394133278721,[],17820493,ocregister,"Orange County, CA",221950,True,,,1,0.132,0.594,0.274,0.4854,positive
130.0,2021-11-10,15:03:20,"Local mountain lion inbreeding grows dire, but relief in sight https://t.co/FXqne5rLin",1458450204445876228,[],19312573,SGVTribune,"Monrovia, CA",38978,False,,,1,0.132,0.594,0.274,0.4854,positive
131.0,2021-11-10,15:03:20,"Local mountain lion inbreeding grows dire, but relief in sight https://t.co/fpSHvVrvln",1458450204324151302,[],48791466,RedlandsNews,"Redlands, CA",10195,False,,,1,0.132,0.594,0.274,0.4854,positive
132.0,2021-11-10,15:03:14,"Local mountain lion inbreeding grows dire, but relief in sight https://t.co/zQUcxP9FgV",1458450180315959296,[],36726529,sbsun,"San Bernardino, CA",44235,True,,,1,0.132,0.594,0.274,0.4854,positive
133.0,2021-11-10,15:03:13,"Local mountain lion inbreeding grows dire, but relief in sight https://t.co/YcZqsZZB9f",1458450178508312576,[],36739057,ivdailybulletin,"Ontario, CA",14570,True,,,1,0.132,0.594,0.274,0.4854,positive
134.0,2021-11-10,15:02:03,"Local mountain lion inbreeding grows dire, but relief in sight https://t.co/0aqCXWzBeR",1458449882021257219,[],163633469,presstelegram,"Long Beach, CA",21840,False,,,1,0.132,0.594,0.274,0.4854,positive
135.0,2021-11-10,15:02:02,"Local mountain lion inbreeding grows dire, but relief in sight https://t.co/GgNhOOofxl",1458449879819333634,[],357855989,DailyBreezeNews,"Torrance, CA",45385,False,,,1,0.132,0.594,0.274,0.4854,positive
136.0,2021-11-10,15:00:40,"@jmitchem @kenwheaton Was watching a video on Nextdoor just last night of a mountain lion captured on a Ring, pretty close to us. They are amazingly large.",1458449533986213888,[],11911082,mattsingley,"Malibu, CA",32878,True,,,1,0.0,0.89,0.11,0.4939,positive
137.0,2021-11-10,04:30:50,that’s a W !! Ohio Bobcats 😤👌🏾 let’s go ! @OhioFootball,1458291034182406146,[],380773400,Yea_imChido,"Los Angeles, CA",10281,False,,,0,0.0,0.72,0.28,0.7911,positive
138.0,2021-11-10,03:44:06,LETS GO !!! Bobcats !! 🟢⚪️,1458279271013646341,[],380773400,Yea_imChido,"Los Angeles, CA",10281,False,,,0,0.0,1.0,0.0,0.0,neutral
139.0,2021-11-10,02:29:10,@helium Does anyone know how to check your order status for the bobcat? Thank you,1458260412848173058,[],1393848942492676097,HodlKush,"Los Angeles, CA",114,False,,,0,0.0,0.848,0.152,0.3612,positive
140.0,2021-11-10,00:44:39,"@ShahzadaTV Bobcat, SenseCap M1 and Heltec are supported on Batch 1. 

We have not completed Cotx integration atm. Goal is to have 20+ MFGs by Mid Feb 22'

dm us if you have any questions!",1458234109805826051,[],1326218520078643201,getlayerzero,Los Angeles,503,False,,,0,0.0,0.929,0.071,0.3802,positive
141.0,2021-11-09,23:30:43,"#Repost @lastlaughpod
・・・
One of our funniest episodes ever this week with @bobcatgoldthwait and @danagould, who used to hate each other but have now put their comedy love on display in the new documentary special

Joy Ride by Bobcat Goldthwait https://t.co/lzoJnwj8PW",1458215503923597313,['Repost'],71273952,danagould,"Los Angeles, CA",305163,True,,,0,0.041,0.609,0.35,0.9625,positive
142.0,2021-11-09,22:44:48,"Dog tackles mountain lion in backyard, #California family says. ‘We were very terrified’ https://t.co/W02gwMgvNq",1458203949509406720,['California'],469908168,ltecato,"California, USA",538,True,,,1,0.0,1.0,0.0,0.0,neutral
143.0,2021-11-09,21:30:02,"Two Orange County hikers were startled to come face to face with a young mountain lion on a Trabuco Canyon trail on Friday—and caught the whole encounter on camera.
https://t.co/29zb15QpFB",1458185135216599042,[],18149465,KNX1070,Los Angeles,62393,True,,,1,0.055,0.945,0.0,-0.1779,negative
144.0,2021-11-09,21:18:08,Today the TOSA team was at Beechwood school. We supported students with the CA App challenge and helped them create a final presentation. Great job Bobcats! @tosa_esther #bookatosa #fsdlearns https://t.co/7fwqqmemCG,1458182138243661826,"['bookatosa', 'fsdlearns']",725401233813434369,Jenna_Breite,"Fullerton, CA",138,False,,,0,0.0,0.72,0.28,0.8439,positive
145.0,2021-11-09,20:18:36,"If you are going to name the mountain lions why not give them a real name, why is he called P-95?",1458167157309669381,[],33688476,champions2002,Orange County CA,524,True,,,0,0.0,1.0,0.0,0.0,neutral
146.0,2021-11-09,19:25:04,@dcoopbball @veefriends @garyvee Minted a Bobcat early am on 5/12. Held until I was able to flip into a diamond in September. I was sooo bummed to lose him but it had to be done 💎🦩💎,1458153685268066304,[],177479596,veirdfishes,"Los Angeles, CA",107,False,,,0,0.046,0.912,0.042,-0.0387,neutral
147.0,2021-11-09,19:13:32,Now I guess I can be an animal collector with a wife also because that fucking mountain lion is getting copped!!!!,1458150783963131911,[],142006466,WelchGOD_Tae,"Nothingness, USA",2391,True,,,0,0.0,1.0,0.0,0.0,neutral
148.0,2021-11-09,17:14:03,"Topanga Chamber of Commerce hosts Poison Free Malibu at the morning mixer at Inn of Seventh Ray on Nov 10 at 8am. 
Learn how secondary poisoning kills Topanga's mountain lions, bobcats, raccoons, coyotes, owls, hawks &amp; our own house pets. Find a better way to combat rodents. https://t.co/3nVchH2oxs",1458120714137964545,[],220864207,onetopanga,"Topanga, CA",1327,False,,,0,0.215,0.684,0.101,-0.7906,negative
149.0,2021-11-09,16:34:16,"“Bob, say something that would get you canceled,” @danagould says at the top of our conversation. It only gets better from there...

https://t.co/38IQjXUURH",1458110703286374400,[],86870268,mattwilstein,"Los Angeles, CA",16878,True,,,0,0.0,0.817,0.183,0.5719,positive
150.0,2021-11-09,16:32:34,"One of our funniest episodes ever this week with Bobcat Goldthwait and @danagould, who used to hate each other but have now put their comedy love on display in the new documentary special #JoyRide

https://t.co/XFeCRgEYgi",1458110276415328263,['JoyRide'],86870268,mattwilstein,"Los Angeles, CA",16878,True,,,0,0.048,0.593,0.359,0.9451,positive
151.0,2021-11-09,16:31:54,Monte Vista welcomes our extra in class support. Our Mountain Lions will receive 40 minutes at three times a week of small group instruction in Spanish and English 🖤💛 @westcovinausd https://t.co/qIyP1uI6Hw,1458110108596985861,[],1030116378953404416,MonteVistaWCUSD,"West Covina, CA",85,False,,,0,0.0,0.685,0.315,0.93,positive
152.0,2021-11-09,16:20:20,Caught on camera: A pair’s two-minute stare down with a mountain lion https://t.co/AdcOPPZheL,1458107195615219719,[],357855989,DailyBreezeNews,"Torrance, CA",45385,False,,,1,0.0,1.0,0.0,0.0,neutral
153.0,2021-11-09,16:20:20,Caught on camera: A pair’s two-minute stare down with a mountain lion https://t.co/FIH12MVaqe,1458107195527254017,[],163633469,presstelegram,"Long Beach, CA",21840,False,,,1,0.0,1.0,0.0,0.0,neutral
154.0,2021-11-09,15:56:44,Let’s hear it for bobcat. https://t.co/SSReg2BBSz,1458101256690470918,[],211966932,hey_its_baloo,Orange County,804,True,,,0,0.0,1.0,0.0,0.0,neutral
155.0,2021-11-09,15:20:01,"While checking trail cameras set out to capture wildlife, photographer Mark Girardeau and his friend, had a dangerous encounter with a mountain lion known as Uno  https://t.co/bwl97UV2kl",1458092018668904457,[],24928809,CBSLA,Los Angeles,266763,True,,,1,0.099,0.799,0.102,0.0258,neutral
156.0,2021-11-09,14:54:05,"Ohio Bobcats vs Eastern Michigan Eagles 11/9/2021 Picks Predictions Previews

https://t.co/PZCP2NEYl4

#NCAAFpicks #NCAAFparlay #NCAAFprediction #NCAAFbetting #NCAAF #sportsbetting #odds #picks #sportspicks #freepick #freepicks #expertpicks #collegefootball #Bobcats #Eagles https://t.co/7ZGbDfY8TM",1458085492289900565,"['NCAAFpicks', 'NCAAFparlay', 'NCAAFprediction', 'NCAAFbetting', 'NCAAF', 'sportsbetting', 'odds', 'picks', 'sportspicks', 'freepick', 'freepicks', 'expertpicks', 'collegefootball', 'Bobcats', 'Eagles']",14900401,tonyspicks,Las Vegas and Los Angeles,3576,False,,,0,0.0,1.0,0.0,0.0,neutral
157.0,2021-11-09,14:44:05,The Spirals and the Furious: Bobcats Drift,1458082974537330699,[],877101024124817408,fastnouns,Los Angeles,6,False,,,0,0.381,0.619,0.0,-0.5719,negative
158.0,2021-11-09,13:53:36,"Quinnipiac Bobcats vs Maryland Terrapins 11/9/2021 Picks Predictions Previews

https://t.co/c5MZy6c9qK

#NCAABpicks #NCAABparlay #NCAABprediction #NCAABbetting #NCAAB #odds #picks #sportspicks #expertpicks #freepick #freepicks #collegebasketball #sportsbetting #Bobcats #Terrapins https://t.co/BI8tNcaSTq",1458070271324143617,"['NCAABpicks', 'NCAABparlay', 'NCAABprediction', 'NCAABbetting', 'NCAAB', 'odds', 'picks', 'sportspicks', 'expertpicks', 'freepick', 'freepicks', 'collegebasketball', 'sportsbetting', 'Bobcats', 'Terrapins']",14900401,tonyspicks,Las Vegas and Los Angeles,3576,False,,,0,0.0,1.0,0.0,0.0,neutral
159.0,2021-11-09,12:49:18,"@ComradeLuanne Bobcat Goldthewait’s new comedy doc (which is very good) has a big section on their feud and why Seinfeld sucks.  Maybe those clips have been going around?

Just hit iTunes. Highly recommend",1458054087736365064,[],1255521011598004225,AmLeftDoc,"Los Angeles, CA",154,False,,,0,0.118,0.677,0.205,0.5553,positive
160.0,2021-11-09,07:30:10,"While checking trail cameras set out to capture wildlife, photographer Mark Girardeau and his friend, had a dangerous encounter with a mountain lion known as Uno  https://t.co/Hr6DA8fn8A",1457973775136329731,[],24928809,CBSLA,Los Angeles,266763,True,,,1,0.099,0.799,0.102,0.0258,neutral
161.0,2021-11-17,17:30:19,"These Hollywood homeowners were in for quite a shock when they checked their security camera and found a mountain lion confidently strutting its stuff just outside their house.
https://t.co/AThvURNoc1",1461023910590390281,[],15535860,nbcsandiego,"San Diego, CA",248169,True,,,1,0.084,0.756,0.16,0.3862,positive
162.0,2021-11-17,13:55:11,"List of critters we’ve seen here: coyotes, roadrunners, rabbits, skunks, possums, bobcats, rattlesnakes, bats, deer &amp; 22 raccoons once jumped me, but I fought them off. https://t.co/6MO1VFyJtJ",1460969769817894914,[],47042274,ThatBootlegGuy,"San Diego, CA",519,True,,,0,0.102,0.898,0.0,-0.4497,negative
163.0,2021-11-16,18:03:30,"@getmntd_ its 10am, ive been trying to checkout since 8am , how long do these miners stay in the cart for? should i give up now? I saw a review that said the bobcat 300 is better.",1460669873248346114,[],1438677113368842241,alphasun9531,"San Diego, CA",3,False,,,0,0.0,0.917,0.083,0.504,positive
164.0,2021-11-16,17:02:44,"@DanieIAndrade @getmntd_ same as Bobcat. I ordered late July and I will get mine in January thoo, better is nothing.",1460654579612147712,[],3365952258,alexismundox,san diego,39,False,,,0,0.0,0.868,0.132,0.4404,positive
165.0,2021-11-16,13:50:00,"@MichelleyM But, by definition, cardboard boxes placed outside the bin are *litter* boxes and QUITE attractive to bobcats, I’d presume.",1460606077616095233,[],47042274,ThatBootlegGuy,"San Diego, CA",519,True,,,0,0.0,0.779,0.221,0.7498,positive
166.0,2021-11-16,12:35:52,"@souffledrian Beau looks GIGANTIC in this photo, it looks like you've invited a bobcat into your house",1460587421427331073,[],8844342,CesiousBlue,"San Diego, CA",173,False,,,0,0.0,0.865,0.135,0.3612,positive
167.0,2021-11-15,01:03:56,"@therunchat Ted/SoCal/ Bull blocking the trail (or a Mountain Lion sauntering on the trail, I don’t have a picture though) #runchat https://t.co/44myOTgt0N",1460050902157381632,['runchat'],184920262,touchted,,1253,True,,,0,0.11,0.89,0.0,-0.3818,negative
168.0,2021-11-15,00:05:37,My new cat … #Bobcat https://t.co/qtGHyw8Vix,1460036227684438020,['Bobcat'],1239018005213802496,JesperSanDiego,"San Diego, CA",44,True,,,0,0.0,1.0,0.0,0.0,neutral
169.0,2021-11-14,18:34:56,"@someofthemfloat @MPantenna @helium @BOBCATiot @CalChipConnect Yeah, Bobcats are temp sensitive.  This box has a fan and two vents.",1459953009903882241,[],1379912379006296065,thegristleking,San Diego,1474,False,,,1,0.0,0.78,0.22,0.5423,positive
170.0,2021-11-14,07:24:08,"Last game of the season. Great team win, 42-7. Go, Bobcats! https://t.co/d434HLLbQd",1459784195287355395,[],788490408418381824,CoachRDJordan,"San Diego, CA",1510,True,,,0,0.0,0.55,0.45,0.8478,positive
171.0,2021-11-14,00:24:59,Let's Go Bobcats!! https://t.co/uGwekNFXy6,1459678715529498624,[],1125879717414858753,hill_zephyr,"San Diego, CA",220,True,,,0,0.0,1.0,0.0,0.0,neutral
172.0,2021-11-13,02:43:36,"@IntoTheShitter Bob, because it looks like a bobcat.",1459351208930385924,[],2896882339,tmthurston,Playas de Rosarito,885,True,,,1,0.0,0.737,0.263,0.3612,positive
173.0,2021-11-12,14:12:34,After 24 hrs the mountain Lion his still there in the back ward we call animals control call the Sheriffs the accept the call nobody shows up what a joke sad 👎✅✅Desert hot springs Caliente springs resort,1459162207258742793,[],801535612985569280,frenchyandre,"Oceanside, CA",7,True,,,1,0.061,0.845,0.094,0.1779,positive
174.0,2021-11-11,20:59:02,@mtsw Reintroduce wolves and mountain lions to the suburbs,1458902110653796355,[],229589485,rswilcox,"Carlsbad, CA",205,True,,,1,0.0,1.0,0.0,0.0,neutral
175.0,2021-11-11,19:09:09,Bob cat or mountain Lion 👍👏💕😂 https://t.co/yF0LJb1Het,1458874457246765056,[],801535612985569280,frenchyandre,"Oceanside, CA",7,True,,,1,0.079,0.583,0.337,0.802,positive
176.0,2021-11-10,21:44:23,Woodard adds six student-athletes to Bobcat softball program https://t.co/obCvYiB68V,1458551131945066499,[],1388875908732252162,DIAMONDBALL71,"San Diego, CA",15,True,,,0,0.0,1.0,0.0,0.0,neutral
177.0,2021-11-10,16:02:31,"1 WEEK AWAY! 

See what your fellow Bobcats are working on at the honors Research Forum!! 

#HonorsBobcats #txstHonorsResearchForum #txstHRF https://t.co/XDp4fBQtrG",1458465101305073666,"['HonorsBobcats', 'txstHonorsResearchForum', 'txstHRF']",2191413684,TXSTHonors,San Marcos,1046,True,,,0,0.0,0.82,0.18,0.6341,positive
178.0,2021-11-09,07:59:05,Tense moments during a face-to-face mountain lion encounter were caught on camera on a Southern California hiking trail.  https://t.co/uBnlPGrGgW,1457981052346109953,[],15535860,nbcsandiego,"San Diego, CA",248169,True,,,1,0.118,0.882,0.0,-0.34,negative
179.0,2021-11-09,06:52:48,Watching lakers almost losing to the bobcats https://t.co/BOsZygBc5m,1457964373016657923,[],544900528,Alikazimi2324,"San Diego, California",225,True,,,0,0.248,0.752,0.0,-0.3197,negative
180.0,2021-11-17,11:55:35,@k9danka The pointed ears seem to suggest that it's a bobcat.,1460939673853825024,[],394495536,brojimr,"Castro Valley, CA",3154,True,,,0,0.0,1.0,0.0,0.0,neutral
181.0,2021-11-17,03:55:00,"@ThatBootlegGuy Let me know when you encounter a rabid looking coyote or bobcat.  Stop bringing this weak sauce to the discourse.  Forgive me, I'm 4 beers in.",1460818727750881282,[],40022999,akondrake,"Oakland, CA USA",1013,True,,,0,0.163,0.769,0.067,-0.4588,negative
182.0,2021-11-17,01:27:18,"The Vikings travel a few miles up Highway 85 and return with a sweep of the Mountain Lions. The Coast-South champions finish the regular season 19-4, 12-1 in conference. Watch this space for playoff dates, times and opponents. https://t.co/TO5eQ9Pig5",1460781557866659842,[],769695981407383552,wvc_vikings,"Saratoga, CA",385,True,,,0,0.0,0.918,0.082,0.5267,positive
183.0,2021-11-17,01:06:38,Warriors shooting like the Bobcats,1460776359647539202,[],304282115,READYBOi_,"Hayward, California ",752,False,,,0,0.0,0.615,0.385,0.3612,positive
184.0,2021-11-17,00:12:29,"@BOBCATiot @helium Hoping to win a Bobcat to gift my sister for her birthday! Love @helium and your devices are the best on the market.

No wonder @VoskCoin always recommends you!",1460762730801942529,[],2817670777,MobileGamer415,"San Francisco, CA",753,False,,,0,0.047,0.515,0.438,0.9595,positive
185.0,2021-11-16,23:57:49,@getmntd_ I got a tip for next time... Don't advertise with YouTube your clown ass operation belongs supplying balloons to the circus. Leave this up to Bobcat.. Your canceled! https://t.co/8cq5tD47Kc,1460759040472989696,[],1456178371109392387,TheeCryptoPimp,Oakland,29,False,,,0,0.151,0.849,0.0,-0.6114,negative
186.0,2021-11-16,18:22:30,Entering VMware campus. Number one goal: do not become mountain lion snack. Number two goal: try and take selfie with mountain lion if opportunity presents 🦁,1460674653928628228,[],222956791,TashaDrew,"San Francisco, CA",1760,True,,,1,0.0,0.816,0.184,0.5267,positive
187.0,2021-11-16,15:32:42,"Munny Munster on ""Helium Bobcat Miners"" that pay your mortgage while you sleep. @Ben_Munster 

Dumb Money: How to Get Rich in Ethereum Without Understanding It (via @decryptmedia) https://t.co/KEuQMeoJ4U",1460631922619535369,[],12837962,twittner,"Mill Valley, CA",3651,True,,,0,0.141,0.751,0.108,-0.0258,neutral
188.0,2021-11-16,04:32:34,"The run-in with the mountain lion made me realize I should learn how to use the gun better now that Im deep in the country and have to protect my flock from asshole carnivores

I learned a lot about how to maintain grounding through the feet to level the eyes to focus on a target https://t.co/uGAN1D732w",1460465797176840195,[],32746100,StewartalsopIII,"San Francisco, CA",3967,False,,,1,0.039,0.87,0.09,0.4767,positive
189.0,2021-11-16,04:27:10,"The goat is a female so it just ends up being harassed by the ram all day. Back when there were two females it was a little bit more relaxed but then I lost one to a mountain lion which I almost ended up shooting because it woke me up, stole my goat https://t.co/jEV9ywMTiy",1460464438784364545,[],32746100,StewartalsopIII,"San Francisco, CA",3967,False,,,1,0.089,0.875,0.036,-0.4741,negative
190.0,2021-11-16,03:48:25,"Bobcats Dine Out @ Ini Burger - NOW thru Friday the 19th from 11 am - 9 pm each day 
44029 Osgood Rd - in the Walmart complex. Any day between now and Friday, please take a chance to Dine Out at IniBurger. https://t.co/35hCOfDdrn",1460454684737425413,[],1161159997234880517,BlacowBoosters,"Fremont, CA",62,True,,,0,0.0,0.907,0.093,0.5106,positive
191.0,2021-11-16,00:23:46,@Hakeemx3 @evaelle Bear and mountain lion country.,1460403183709143041,[],3277172780,RMGaustad,"Petaluma, CA",7652,True,,,1,0.0,1.0,0.0,0.0,neutral
192.0,2021-11-15,23:38:04,CES Honors Doosan Bobcat for the World's First All-Electric Construction Machine in Two Innovation Award Categories - Valdosta Daily Times https://t.co/g1nPE2YBpH https://t.co/NyoPhaQLee,1460391683015659520,[],748968361929764865,CleanAcresCTC,"Santa Clara, CA",410,False,,,0,0.0,0.669,0.331,0.8555,positive
193.0,2021-11-15,22:22:35,CES Honors Doosan Bobcat for the World's First All-Electric Construction Machine in Two Innovation Award Categories - Business Wire https://t.co/aFVGt06J7s https://t.co/5GAwhGwM5O,1460372686794739716,[],748968361929764865,CleanAcresCTC,"Santa Clara, CA",410,False,,,0,0.0,0.657,0.343,0.8555,positive
194.0,2021-11-15,21:01:03,There’s a mountain lion warning in my parents area! I repeat a MOUNTAIN. LION. WARNING😳😳,1460352165835206656,[],757290098748555264,valfranco28,"Berkeley, CA",216,True,,,1,0.255,0.745,0.0,-0.7027,negative
195.0,2021-11-15,20:07:32,@time4kind @RockyMountViews Bobcat Marley 🐾🐾🐈‍⬛🐈‍⬛🇪🇹,1460338698059276289,[],1042214704091824130,PeterRabbit67,"Oakland, CA",4420,False,,,0,0.0,1.0,0.0,0.0,neutral
196.0,2021-11-15,17:03:32,Saw a mountain lion last night driving through Sonoma county back to Oakland. Idk why I thought they were small smh them mfs are huge. Ran right in front of the car.,1460292395518492672,[],332087187,rybanga,"Oakland, CA",178,False,,,1,0.106,0.829,0.066,-0.1027,negative
197.0,2021-11-14,23:11:35,"The problem of wildlife-vehicle collisions is significant, the report states. Within the past five years, 302 mountain lions were involved in reported crashes. 

https://t.co/sZwJluSmoR",1460022630841565189,[],1418643677585362945,rwcpulse,"Redwood City, CA",242,False,,,0,0.174,0.761,0.065,-0.4588,negative
198.0,2021-11-14,17:45:17,Couple weeks ago it was mountain lions. Today we have a bear visiting town https://t.co/zoGFfmTuDQ,1459940514296336394,[],61913954,trintrout,Northern California,262,True,,,0,0.0,1.0,0.0,0.0,neutral
199.0,2021-11-14,17:00:03,"Tonight: Bobcat Rob &amp; The Nightly Howl, Adam Spry @ Amado's, S.F.",1459929128594022405,[],1038648979,sfbayshows,"San Francisco, CA",662,False,,,0,0.247,0.753,0.0,-0.5574,negative
200.0,2021-11-14,16:58:58,"Petaluma PD sent two “shelter in place” warning texts last night due to a bear roaming around a few blocks away. My thoughts:
1) BEAR!
2) These texts seem redundant at 3am when you’re in bed
3) Where is the bear now? Is it friends with our local mountain lion?
4) A FUCKING BEAR!",1459928855884427268,[],14437008,socialtrousers,"Petaluma, CA",420,False,,,1,0.088,0.859,0.052,-0.2833,negative
201.0,2021-11-14,02:19:35,"The wolf. Unity. 🐺 🖐 Isaiah Chapter 65 : 25 “The wolf and the lamb shall feed together. And the lion shall eat straw like the bullock:  and dust shall be the serpent’s meat. They shall not hurt nor destroy in all my holy mountain, saith the Lord.” https://t.co/fRatMHaM8C",1459707552619503619,[],1417704658311712768,DanielOwl24,"Oakland, CA",1,False,,,0,0.04,0.819,0.142,0.7275,positive
202.0,2021-11-13,15:09:47,@getmntd_ If you are the 10% of of people who got a miners during summer thanks to Bobcat. lucky you. The rest of us 90% our miners was purposely delayed  so what the few privileged insiders farm the entire HNT rewards before ALT season 🚀 has less options and get the scraps.,1459538992907501572,[],324140311,gcdeme,,13,False,,,0,0.031,0.776,0.193,0.8689,positive
203.0,2021-11-13,10:25:23,"Tech Ideas | PowerPoint, PBL, and Mountain Lions - The Week in Review https://t.co/Vhl3J2olyg",1459467419521622016,[],46188029,Propane_Digital,San Francisco,965,True,,,0,0.0,1.0,0.0,0.0,neutral
204.0,2021-11-13,05:02:40,@BOBCATiot thank you bobcat it took some time but i can finally join the @helium community!!!! https://t.co/yCDRXROdwV,1459386208040067076,[],2444288089,ahmetcihanbzk,"San Jose, CA",11,True,,,0,0.0,0.724,0.276,0.6925,positive
205.0,2021-11-13,01:46:15,@Reductress The most important thing when dealing with a mountain lion is to project indifference.  Any other emotion and you wast an entire afternoon engaged with the whims of the big cat.,1459336778242949122,[],7618232,dapete,"San Jose, CA",205,False,,,1,0.034,0.829,0.137,0.5563,positive
206.0,2021-11-13,01:38:27,In Defense of Animals gives #SaveLACougars a giant check to help build the Wallis Annenberg #WildlifeCrossing so cougars and bobcats can find mates and survive in #LosAngeles! #101WildlifeCrossing https://t.co/1TyfWgObAa,1459334815325376523,"['SaveLACougars', 'WildlifeCrossing', 'LosAngeles', '101WildlifeCrossing']",46585598,MSSATHER,"Hayward, CA",1790,True,,,1,0.0,0.857,0.143,0.5411,positive
207.0,2021-11-12,21:32:29,"@mcclure111 Read this and figured you meant some new language or other technology I haven’t learned about yet.

But you mean an actual physical forklift. For moving very heavy things. 🤪

No, either way, but I did get to drive around a bobcat once, working on a landscape crew.",1459272913115250688,[],15578417,jeffrgq,"San Francisco, CA",296,False,,,0,0.0,1.0,0.0,0.0,neutral
208.0,2021-11-12,17:56:48,"Last winter in Iowa, 80% of sampled white tailed deer carcasses were infected with covid 19. This is why we need wolves and mountain lions.",1459218635281424386,[],599631917,chrisbvail,Silicon Valley,54,False,,,1,0.118,0.882,0.0,-0.4939,negative
209.0,2021-11-12,16:45:53,@MirandaBePimpin Lol he gonna go looking for the mountain lion to prove his point 😂😭,1459200788975087620,[],2170935396,shae_for_short,"San Jose, CA",672,True,,,1,0.169,0.608,0.223,0.3818,positive
210.0,2021-11-12,04:56:07,"Bobcat
#Bobcat #Rajasthani #Animal #Nature #ArtnIndia #handmade #onlineart #art #painting #decor #arts #paintings #ethnic https://t.co/4feMI6j5mP",1459022172626825219,"['Bobcat', 'Rajasthani', 'Animal', 'Nature', 'ArtnIndia', 'handmade', 'onlineart', 'art', 'painting', 'decor', 'arts', 'paintings', 'ethnic']",149791021,ArtnIndia,"San Jose, CA, USA",91,False,,,0,0.0,1.0,0.0,0.0,neutral
211.0,2021-11-11,23:45:16,@IntoTheShitter Bob as in bobcat,1458943941106044948,[],2973727010,roc_itaginDad,"San Francisco, CA",4203,True,,,0,0.0,1.0,0.0,0.0,neutral
212.0,2021-11-11,21:59:06,"@igb BUT - ""Tens of thousands of mountain lions, bears, bighorn sheep, squirrels, birds and lizards have met their fate in collisions with vehicles across California, according to a ""roadkill"" report that names a San Francisco Bay Area highway as the state’s deadliest for wildlife.”",1458917225323057153,[],14199212,npilch,"Albany, CA",314,True,,,1,0.057,0.943,0.0,-0.3919,negative
213.0,2021-11-11,21:30:04,"Sabertooth Daddy (Oregon Shifters Book 1) By: @BreannaHayse

#Spanking

CHARLIE, THE ALPHA PRIME OF THE OREGON MOUNTAIN LION PRIDES

After 4 yrs of painful silence, he never thought he'd see the feisty, independent, and reckless Lioness Shifter again.  https://t.co/IQEKoKTfv7 https://t.co/pCHm7URWrE",1458909919701348355,['Spanking'],537267100,Kinky_eBooks,"San Francisco, CA",2655,True,,,0,0.128,0.872,0.0,-0.6808,negative
214.0,2021-11-11,20:40:00,@LorenzoChuch @okjulia Or asked the grinning bobcat why he grinned?,1458897318606893086,[],15783350,Xcell_182ss,"San Jose, CA",244,True,,,0,0.0,0.635,0.365,0.5574,positive
215.0,2021-11-11,18:17:36,@grorg We’re having the house remodeled and the contractor said he needed something small to dig in the backyard. I asked if he was going to use a Bobcat. He scoffed. So no cachet for Bobcats in the construction industry here. I feel like less of a man now.,1458861481005502493,[],47453943,chrismarrin,"Los Altos, CA",63,True,,,0,0.055,0.898,0.048,-0.0941,negative
216.0,2021-11-11,16:18:32,Wildlife Photographer Comes Face to Face with a Mountain Lion https://t.co/zk5RE7ExHU,1458831517887700995,[],1188281498375344128,ReviewCam1,"San Francisco, CA",597,False,,,1,0.0,1.0,0.0,0.0,neutral
217.0,2021-11-11,04:45:07,"Tens of thousands of mountain lions, bears, bighorn sheep, squirrels, birds and lizards have met their fate in collisions with vehicles across California, according to a “roadkill” report that names a San Francisco Bay Area highway as the state’s de… https://t.co/4SYPhybhlO",1458657016520626178,[],44976030,smdailyjournal,"San Mateo, CA",7607,False,,,1,0.05,0.95,0.0,-0.2732,negative
218.0,2021-11-11,04:37:24,"Bobcats remember this Friday, November 12th is Pajama Day and we are also recognizing World Kindness Day. https://t.co/lHYCVLuv7Z",1458655074477957121,[],1161159997234880517,BlacowBoosters,"Fremont, CA",62,True,,,0,0.0,0.85,0.15,0.4588,positive
219.0,2021-11-11,01:46:00,@amezuu @LilyEBatum Les bobcats? Les Philadelphia warriors aussi ?,1458611937785307136,[],1338167406372458502,33Nbalife,"San Francisco, CA",11,True,,,0,0.0,1.0,0.0,0.0,neutral
220.0,2021-11-10,22:32:22,@NatickBobCat THE BOBCAT WAS RIGHT THERE! https://t.co/AnFSoUmG6G,1458563207300218881,[],34466911,Tyliag,"Livermore, CA",817,False,,,0,0.0,1.0,0.0,0.0,neutral
221.0,2021-11-10,22:29:49,"@TravisHepburn @PepperB29985095 @bradewilk @rojaq300 @RepThomasMassie Love all of this! I'm glad to be in the ""stupid class"" with you. Reminds me of my favorite Bobcat Goldthwait joke: He says he took a standardized test in high school and scored in the 10th percentile. He goes on a bit about the 10th percentile, and says, ""But then I realized  ...",1458562569313030146,[],100460966,LorraineHirsch,"Silicon Valley, CA",1130,False,,,0,0.034,0.835,0.131,0.6476,positive
222.0,2021-11-10,20:03:34,"@hdevalence (‘cakers is a Bengal, not a bobcat, but F8 or whatever from the Asian Leopard Cat is definitely close enough to notice)",1458525761292230658,[],22562934,prettyflysci,San Francisco,383,False,,,0,0.0,0.861,0.139,0.5499,positive
223.0,2021-11-10,18:45:01,Grading this site out for a new swimming pool. Running the Bobcat T770 #trucking #bobcat #bobcatcompany https://t.co/CmiPQywWma,1458505993248296961,"['trucking', 'bobcat', 'bobcatcompany']",751485522376204288,SFBayExcavation,"Livermore, CA",325,True,,,0,0.0,1.0,0.0,0.0,neutral
224.0,2021-11-10,18:03:26,"California mountain lion inbreeding grows dire, but relief in sight https://t.co/vXXXA3cmXn",1458495530565345285,[],10433782,mercnews,"Silicon Valley, CA",254276,True,,,1,0.132,0.594,0.274,0.4854,positive
225.0,2021-11-10,17:46:22,Digging out this new swimming pool cavity running the T595 #dirt #bobcat #bobcatcompany #tractor https://t.co/TR5tVKqNWk https://t.co/pSRPZipcfH,1458491234239057930,"['dirt', 'bobcat', 'bobcatcompany', 'tractor']",751485522376204288,SFBayExcavation,"Livermore, CA",325,True,,,0,0.138,0.862,0.0,-0.34,negative
226.0,2021-11-10,16:30:00,"A mountain lion has been spotted several times in a #MorganHill neighborhood, police said Tuesday. #NewsBreakLocal

https://t.co/FIYRyxrnmw",1458472016957382671,"['MorganHill', 'NewsBreakLocal']",4127951894,newsbreakApp,"Mountain View, CA",54600,False,,,1,0.0,1.0,0.0,0.0,neutral
227.0,2021-11-10,03:25:37,"Sad mountain lion had to be put down, but glad kid is stable, and for the jingle inspiration 🐈 
https://t.co/s00OKr3dTC",1458274621153636356,[],1293952950318981120,petecoevo,"San Francisco, CA",314,False,,,1,0.07,0.543,0.387,0.8847,positive
228.0,2021-11-09,23:30:41,@VIP_Dacus @sponhourm Aye jokic aint no joke. Them Serbian cats can kill a mountain lion by hand 😂,1458215498512957443,[],332964594,_GoPuffy,"Oakland, CA",1631,True,,,1,0.205,0.527,0.268,0.2633,positive
229.0,2021-11-09,18:39:33,"The large cat was not demonstrating aggressive behavior, police said, but residents were asked to keep small pets inside. https://t.co/wuHjwnn4cj",1458142231571881987,[],160988110,PetalumaPatch,"Petaluma, CA",2478,False,,,0,0.0,0.94,0.06,0.0572,positive
230.0,2021-11-09,18:39:18,"The large cat was not demonstrating aggressive behavior, police said, but residents were asked to keep small pets inside. https://t.co/qISBOsQy0P",1458142167076012035,[],169622633,NapaCAPatch,"Napa Valley, CA",4002,True,,,0,0.0,0.94,0.06,0.0572,positive
231.0,2021-11-09,18:37:06,"The large cat was not demonstrating aggressive behavior, police said, but residents were asked to keep small pets inside. https://t.co/iA7RsIf4ys",1458141615097221120,[],161025876,SonomaCAPatch,"Sonoma Valley, CA",1963,False,,,0,0.0,0.94,0.06,0.0572,positive
232.0,2021-11-09,18:27:03,"The large cat was not demonstrating aggressive behavior, police said, but residents were asked to keep small pets inside. https://t.co/FBN9JZ0hGG",1458139087219539982,[],160989689,RohnertPkPatch,"Rohnert Park, CA",927,True,,,0,0.0,0.94,0.06,0.0572,positive
233.0,2021-11-09,18:08:04,Mountain Lion spotted in the Area of Montgomery Dr and Jacqueline Dr. https://t.co/LYUp8vE9BM,1458134307839430657,[],245700081,conscious_girl,"Santa Rosa, CA",157,False,,,0,0.0,1.0,0.0,0.0,neutral
234.0,2021-11-09,16:28:57,Mountain Lion spotted in the Area of Montgomery Dr and Jacqueline Dr.,1458109362916913153,[],34684436,Seighin,"Santa Rosa, California, USA",127,False,,,0,0.0,1.0,0.0,0.0,neutral
235.0,2021-11-09,15:54:14,"Wow! Just got a Nixle alert on my phone that a mountain lion has been spotted in the area of Montgomery Drive and Jacqueline Drive, here in Santa Rosa, CA. Maybe I won't head that direction on my neighborhood walk this morning. #Mountainlion",1458100629524652041,['Mountainlion'],499028601,PattySomlo,"Santa Rosa, CA",1811,True,,,1,0.0,0.867,0.133,0.7424,positive
236.0,2021-11-09,14:54:16,@AngieBEvans @cratekane Can’t remember the precise house but was right around Newell/Channing: https://t.co/iQuIwHCLs3,1458085536380428288,[],14071595,evangoldin,"San Francisco, CA",1788,True,,,0,0.0,1.0,0.0,0.0,neutral
237.0,2021-11-09,12:23:25,Caught on camera: California couple’s two-minute stare down with a mountain lion https://t.co/jtzYMsZBt4,1458047573466419200,[],10433782,mercnews,"Silicon Valley, CA",254276,True,,,1,0.0,1.0,0.0,0.0,neutral
