date,time,tweet,tweet_id,hashtags,user_id,username,location,num_followers,geo_enabled,long,lat
2021-11-08,17:11:01,"Defender Radio Live: Canid Response Teams and Coexistence Lesley Sampson of Coyote Watch Canada joins Defender Radio Podcast host Michael Howie for a live event and recording in Hamilton, Ontario.  https://t.co/jLycjr3Xv7",1457757563118891011,[],920244026,CoyoteWatchCAN,"Ontario, CA ",4420,True,,
2021-11-08,14:25:52,Yaw 💃💃. Good Morning Twitter Family 🤩✨,1457716003001933827,[],1456963082823950336,coyote_kissa1,"Pasadena, CA",57,False,,
2021-11-08,12:27:50,"At this moment, I have a neighbor that lives 750 away. He keeps his two Labrador retrievers in a 15’ish square pen with a roof outside at night. How do I know this? Because I came hear them barking. Constantly. 

Apparently they just won a debate with the coyotes. https://t.co/oJV5Swuc3f",1457686295719804931,[],1326533374668763138,DavidCMaybury,"Perris, CA",438,True,,
2021-11-08,10:51:07,"@AstroBackyard Had the coyotes barking within a few hundred feet of me in Joshua Tree tonight. I shined a light in their direction to let them know I’m aware of them. Oddly, one sounded like a dog.

What freaked me out more were the hikers somewhere in the dark. I just heard foot steps!",1457661958916743171,[],68834376,darrenreely,"Los Angeles, CA",147,True,,
2021-11-08,08:28:38,"really just saw a coyote cross the street and stare at me as i drove by 😭😭😭 what the, la habra heights",1457626099295277060,[],2323440188,angeIiques,she/her,109,True,,
2021-11-08,07:13:42,my dog just scared tf out of a coyote then chased it off trying to square up🤣 this mf i own gives zero shits he said get tf off my lawn,1457607242342027264,[],2936603942,_danimaee,"calabasas, ca",3446,True,,
2021-11-08,06:56:55,@shenjonsin but the coyotes !,1457603020506615810,[],1305036469053005824,wapsack,LA,96,False,,
2021-11-08,05:35:38,To make it worse no one else saw the coyote bruh,1457582562264629250,[],754054128758730752,SPACEAGEPlMP,"Los Angeles, CA",8518,True,,
2021-11-08,05:34:17,How do I keep a coyote away from me chile??,1457582224237375491,[],754054128758730752,SPACEAGEPlMP,"Los Angeles, CA",8518,True,,
2021-11-08,05:30:15,Aight this the second night I’ve ran into a coyote off work so I think I need to have something to protect myself idk😭 but I can’t keep doing this,1457581210360819714,[],754054128758730752,SPACEAGEPlMP,"Los Angeles, CA",8518,True,,
2021-11-08,03:50:40,"my enemy the big coyote ran in front of my car tonight, but i couldn’t end him like that. if i ever catch him it’ll be on though",1457556147611701250,[],1280808895,VinceEckert,"Los Angeles, CA",301,False,,
2021-11-08,01:04:00,Wile E Coyote was a victim. The Road Runner is a fascist. https://t.co/GAaWTJ7xSu,1457514205104394240,[],959984591258796032,TileTony,Ventura,1070,False,,
2021-11-08,00:49:21,"@EmbryEthan @Acornayho @MartaFKauffman For a second I thought you were talking about a different, super-cringy coyote... 😖",1457510519691116545,[],1046882954,dparisart,"Los Angeles, CA",2692,True,,
2021-11-07,23:55:34,"What comes to mind is that there was a new baby, dog, or a significant other who is allergic to cats. But there have to be better options than letting the cat fend for itself - at night - when our community is bustling with coyotes.",1457496985137606657,[],1873509336,iamlubos,"Westlake Village, CA",352,True,,
2021-11-07,23:11:23,"@WhatSayU_2020 @DineshDSouza Some children were brought here by coyotes [human smugglers]. In other cases, U.S. border officials separated children from their parents, and deported the parents.

A federal court compelled the collection of contact information for parents, but poor records were maintained.",1457485865089912836,[],1857212994,SusanScranton,Ontario,624,False,,
2021-11-07,21:47:50,"Saw 2 coyotes last night(almost hit one cuz it was a dark street), an owl fly past my windshield the night before.. what’s on the menu today? A peacock?",1457464837915623424,[],1216422102758084608,Goody2sneakrs,"Inglewood, CA",306,False,,
2021-11-07,21:43:39,I really wish my first instinct upon seeing a coyote wasn’t to go pet it,1457463784591671303,[],26109784,gimmegimmeMAW,LA,1832,True,,
2021-11-07,21:31:13,"Happy birthday, Joni Mitchell! - Coyote (Live at Gordon Lightfoot's Home with Bob Dylan &amp;... https://t.co/9snnnEXZss cc @rosannecash @aimeemann",1457460657347956738,[],492331383,blacksab67,"Los Angeles, CA",3632,True,,
2021-11-07,20:15:00,#CoyoteCreekChristmas charms from beginning to end and each of the characters are as endearing as the love story. https://t.co/IwkOBwqaDj https://t.co/QkSViTV4iB,1457441474836979713,['CoyoteCreekChristmas'],226828181,MarvelousGeeks_,"Los Angeles, CA",1393,False,,
2021-11-07,20:09:45,@zumank @mynamesnotgordy Wait until the coyotes get a sniff of this!,1457440153346187265,[],1335613030852386817,DaleRose111,Ontario ,188,False,,
2021-11-07,19:09:04,@GlennMarFano1 Some people don’t know him,1457424885429374976,[],1456963082823950336,coyote_kissa1,"Pasadena, CA",57,False,,
2021-11-07,18:31:04,@SomeHart Get a ring-a predator like an owl or coyotes probably,1457415321598382080,[],905934946065293312,HollyAnneKeen1,"Monrovia, CA",452,False,,
2021-11-07,17:43:29,"@FlorenceHRS We were hiking once near San Diego and a small coyote came onto the path…it was soooo cute, but was also low-key scared it’s older family members would come, it scampered off rather quickly",1457403344851324928,[],289803173,NatGlendening,"Irvine, CA",1400,True,,
2021-11-07,17:23:09,@TheOGpianoGeek Beautiful 🤩,1457398227834003463,[],1456963082823950336,coyote_kissa1,"Pasadena, CA",57,False,,
2021-11-07,17:07:52,this is insane bro went out like wile e. coyote https://t.co/Z4PGC8bhUN,1457394382496280582,[],1089650226376278016,typhlosion2k,ontario,285,False,,
2021-11-07,16:37:51,@JohnBCase @USC At first I thought it was a really short coyote.,1457386830467268612,[],18326925,janewells,los angeles,114889,True,,
2021-11-07,16:25:24,@Skyler4149 Yummy 😋,1457383693564071940,[],1456963082823950336,coyote_kissa1,"Pasadena, CA",57,False,,
2021-11-07,16:19:04,@TheOGpianoGeek I’ll be the first to download. Can’t wait 💃,1457382103192985607,[],1456963082823950336,coyote_kissa1,"Pasadena, CA",57,False,,
2021-11-07,15:44:36,@EmbryEthan @MartaFKauffman Coyote is great.,1457373429728886788,[],45935887,Acornayho,"Burbank, CA",847,False,,
2021-11-07,15:09:57,@NotAlexis What’s your stance on coyotes?,1457364706973212676,[],926854748,culvercity_al,Culver City,156,True,,
2021-11-07,15:08:26,Happy Birthday Joni Mitchell - Coyote (Live at Gordon Lightfoot's Home with Bob Dylan &amp;... https://t.co/kFBLoU2NAT via @YouTube,1457364324217851913,[],102846283,DLoIndustries,Santa Monica,10356,False,,
2021-11-07,15:05:31,Urban Coyotes Los Angeles -My Morning Run! Protect Your Pets! #youtubesh... https://t.co/hrj6pxCMiy via @YouTube,1457363590881501196,['youtubesh'],425329730,CostaDomenic,"San Pedro, CA",2759,True,,
2021-11-07,15:00:48,@TraceyM0802 Being positive and good approach with good behavior.,1457362404065505283,[],1456963082823950336,coyote_kissa1,"Pasadena, CA",57,False,,
2021-11-07,14:59:36,@Truthsp73957317 That’s Twitter,1457362101165383680,[],1456963082823950336,coyote_kissa1,"Pasadena, CA",57,False,,
2021-11-07,14:19:31,"@CanaansDad1969 California, Chicago, Connecticut",1457352016825516036,[],1456963082823950336,coyote_kissa1,"Pasadena, CA",57,False,,
2021-11-07,13:43:21,YES....... LOST TO THE COYOTES &amp; DRUG DEALERS....   :D https://t.co/XqFQ99yV6C,1457342915387314176,[],602934138,Screenwriter6,"Beverly Hills, CA",725,True,,
2021-11-07,13:34:46,"The kitten just turned up outside the barn. Nearest neighbours are half a mile away and he doesn't belong to them.

He is so cute &amp; house trained so he's either an escapee or he's been dumped 😪

Glad we got to him before the coyotes did. https://t.co/rojXmPQ63Y",1457340754351824899,[],1106897142998880256,4stringscaz,Eastern Ontario,178,False,,
2021-11-07,13:30:35,@SomeHart Coyotes in our neighborhood. I've found half-cats in my yard. 😝,1457339700817981443,[],818005332,ErinThomasRev,"Riverside, CA",1327,True,,
2021-11-07,12:20:18,"Kraken @ Coyotes 11/6/21 | NHL Highlights - NHL
https://t.co/zpdE5rGSJa",1457322015568928780,[],1007725923720835072,NewsfeedsMedia,"Los Angeles, CA",215,False,,
2021-11-07,08:29:18,"NHL Highlights | Kraken vs. Coyotes - Nov. 6, 2021 - SPORTSNET
https://t.co/Smcp74bDq8",1457263881915617284,[],1007725923720835072,NewsfeedsMedia,"Los Angeles, CA",215,False,,
2021-11-07,08:11:37,"@Doc_Coyote Could have been worse. If his last name was ""Barebone,"" he probably would have been named ""Philip All-Men-Are-Brothers-Under-God.""",1457259429930299398,[],3307296709,clinticalthinkr,"Los Angeles, CA",95,False,,
2021-11-07,07:54:02,@Doc_Coyote Brilliant,1457255006000730116,[],313050693,JacobDavison_,Los Angeles,3468,True,,
2021-11-07,07:32:47,@abobrow Never forget the coyotes we’ve lost to falling pianos,1457249657537458182,[],1327386060985307137,dan_plagens,"Los Angeles, CA",201,False,,
2021-11-07,06:35:06,"Let me see one more coyote and I’m finding me a new job, better ask bout me. I seen a bat at my last job and ain’t been back since😭😭😭😭",1457235140371910659,[],1269792396616720384,NUNAnotNunu,90047,256,False,,
2021-11-07,06:27:36,Ok I made it safe no coyote chased me,1457233254520692736,[],754054128758730752,SPACEAGEPlMP,"Los Angeles, CA",8518,True,,
2021-11-07,05:55:38,Like… do coyotes chase people or???,1457225207542730753,[],754054128758730752,SPACEAGEPlMP,"Los Angeles, CA",8518,True,,
2021-11-07,05:54:51,Why it’s coyotes out here,1457225013908574210,[],1269792396616720384,NUNAnotNunu,90047,256,False,,
2021-11-07,05:52:35,Just got off work and seen a coyote… I just if I miss this stop bc I dead ass turned around for a sec,1457224440836595713,[],754054128758730752,SPACEAGEPlMP,"Los Angeles, CA",8518,True,,
2021-11-07,04:58:03,The Seattle Kraken lost to the Arizona Coyotes………… The Ducks are gonna murder them on the 11th,1457210718420230144,[],4804764110,Drew_Ducks94,"Anaheim, CA",30,True,,
2021-11-07,04:45:01,@amandacstein Of course he won for the Coyotes. 😂,1457207439724449794,[],17822644,papiblez,"Orange, CA",3103,True,,
2021-11-07,04:32:57,Letting the Coyotes score 1 goal is bad enough….but 5?!?!,1457204399604846593,[],61294751,mhkinsvoice,"Pasadena, CA",544,True,,
2021-11-07,04:08:05,Just posted a photo @ Coyote Hills Golf Course https://t.co/qLx14qz84t,1457198145264365568,[],190789771,lfc1956,"Yorba Linda, CA",215,False,,
2021-11-07,04:04:02,"this tweet goes out to the two people I know named Coyote, keey on being cool",1457197125519888392,[],1240438992174223364,notsayingsoryu,"Los Angeles, CA",2335,False,,
2021-11-07,04:01:30,I've never met a Coyote that wasn't based af,1457196486987370503,[],1240438992174223364,notsayingsoryu,"Los Angeles, CA",2335,False,,
2021-11-07,03:31:01,@SomeHart Sounds like coyotes. 🤔,1457188815324385283,[],30265461,Smaoka,"Los Angeles, CA",1244,True,,
2021-11-07,03:13:06,Wtf kind of coyote fox hybrid https://t.co/5XSxMnTHxz,1457184308355944455,[],190012681,BIGbadBEARinger,Moreno Valley,308,True,,
2021-11-07,03:12:36,@ReignofTroy Naw.  Tail is too big for a coyote.  Desert fox... https://t.co/0j52PQsz0I,1457184179087560704,[],150366224,MeisnerActor,"Hollywood, CA ",4174,True,,
2021-11-07,02:47:58,@USC_Athletics That's not a dog. That's a coyote.,1457177983148380163,[],1424883363626688512,koosamagoopaloo,"Los Angeles, CA",73,False,,
2021-11-07,02:47:41,I’m not sure what’s scarier outside my window. The 12 coyotes fighting or the terrible karaoke rendition of “I will survive” from 4 houses down.,1457177912189218820,[],1355585935384035330,robertjamesashe,"Hollywood, CA",394,False,,
2021-11-07,02:47:30,"@EddieBarstool Those people walk by coyotes every day, fox is nothing",1457177865544355844,[],1336445614792425473,LogicalOSUfan,"Venice Beach, Los Angeles",4,False,,
2021-11-07,02:44:39,@ReignofTroy This is a coyote…that was a fox https://t.co/GRLvgMeHzO,1457177145852055565,[],22962054,ls1228,"Irvine, CA",1091,True,,
2021-11-07,02:44:10,Pac 12 after dark starting off strong with a coyote on the field,1457177024577953795,[],818218723718926336,geauxann27,"Los Angeles, CA",128,True,,
2021-11-07,02:41:52,Thats a coyote…if the game was in so cal it would have been a cougar…heyyyy o,1457176444530880519,[],338151250,Therealbwc,"Irvine, CA",258,True,,
2021-11-07,02:20:24,Ryan’s out here feeding a coyote as if it’s not rabid 😂,1457171043617968131,[],1215305399059877888,senpaishoots,"Los Angeles, CA",917,False,,
2021-11-07,01:55:22,"@acchodges @jonniker Oh, interesting. Not that coyote is any better than fox, really...",1457164743446339588,[],126099878,DanielleVEsq,"Los Angeles, CA",1956,True,,
2021-11-07,01:51:47,@steveresisted Let go and get mine! 👩‍🦯,1457163843923177479,[],1456963082823950336,coyote_kissa1,"Pasadena, CA",57,False,,
2021-11-07,01:42:30,@PettyRuxpin83 😁 both huh😛,1457161508270469125,[],1456963082823950336,coyote_kissa1,"Pasadena, CA",57,False,,
2021-11-07,01:27:44,@DocAtCDI My dog (LUNA) is sending me out of the house 😹😹,1457157790611300356,[],1456963082823950336,coyote_kissa1,"Pasadena, CA",57,False,,
2021-11-07,01:22:38,@CanaansDad1969 Agreed,1457156504742612998,[],1456963082823950336,coyote_kissa1,"Pasadena, CA",57,False,,
2021-11-07,01:21:55,@dquinn305 Beautiful 😍,1457156328267206656,[],1456963082823950336,coyote_kissa1,"Pasadena, CA",57,False,,
2021-11-07,01:15:12,Joni Mitchell with The Band - Coyote (The Last Waltz) https://t.co/Qt9bhia7n4,1457154634745737220,[],492331383,blacksab67,"Los Angeles, CA",3632,True,,
2021-11-07,00:43:44,@fobraonain amen about the bass line for coyote. will have to listen to it in my later tonight.,1457146717120327681,[],206863193,willgingart,Universal City,35,True,,
2021-11-07,00:03:15,@opinion_joe Am finally listening to THE SHRINK NEXT DOOR. You owe the canyon coyotes an apology as my periodic screams of gleefully horrified shock as I hike and listen is alarming them.,1457136528765767680,[],19135516,quinncy,Los Angeles,77259,True,,
2021-11-06,23:26:28,Oh…and I got Canelo with a 6th round KO tonight…Plant CANT Plant and trade punches…Gotta run like Roadrunner from Wylie Coyote all night,1457127271764951042,[],773574926079029248,champagnennuts,"Los Angeles, CA",42440,True,,
2021-11-06,22:33:19,"Coyotes @ Ducks 11/5/21 | NHL Highlights - NHL
https://t.co/B0oKNp64i1",1457113894913290244,[],1007725923720835072,NewsfeedsMedia,"Los Angeles, CA",215,False,,
2021-11-06,21:11:53,@SeanYoo the confidence of LA coyotes is admirable and horrifying,1457093404844863495,[],1616226162,jbienkahn,"Los Angeles, CA",1555,True,,
2021-11-06,20:21:54,Basically he's paying off the coyote's and the lawyers. https://t.co/VkViB4GFcT,1457080823912431619,[],1341097025933197312,code4gringo,"Orange County, Ca",322,False,,
2021-11-06,19:51:54,@Grimmy_Coyote Yeah. Every post just raises my serotonin SO much!,1457073274110705664,[],223338376,coyotoy,"Los Angeles, CA",2618,True,,
2021-11-06,19:28:48,"My little Gracie is a lot like me, resilient, loving, and a hell of a fighter! She even survived a coyote attack! Grateful to have her ride this pandemic with me and be a source of love, laughter, and companionship. Just a little #SaturdayShoutOut to my dog. 😍🥰❤️🐶 https://t.co/1HQeFe90Ts",1457067461275119616,['SaturdayShoutOut'],19270217,MissLisaMae,"Long Beach, CA",5515,True,,
2021-11-06,19:23:29,@3Pugs1 Be careful about those coyotes😉❤🐾💜🐾💛🐾💙🐾💚🐾,1457066123560583170,[],18438760,dek56,"Los Angeles, CA",1350,True,,
2021-11-06,19:04:36,"@Grimmy_Coyote honestly ""Grimmy reviews werewolves"" is a fun segment that pairs well with the usual ""Grimmy gets beer-nerdy"" bit :3",1457061372533960706,[],772469679063388160,BlueEarOtter,"Los Angeles, CA",305,True,,
2021-11-06,18:37:47,@ImmortalTech Gotta release them Coyotes and into the tunnels and subways of New York. They’ll eat up all them rats. Quick. Jus sayin https://t.co/6fthZX4NMR,1457054622569283588,[],1295037747615248384,RhymeDisciples,"Los Angeles, CA",102,False,,
2021-11-06,18:13:48,@SomeHart Coyotes only eat their head,1457048586751856643,[],2914834269,Raul_canelo,"Los Angeles, CA",2286,True,,
2021-11-06,18:12:22,#CoyoteCreekChristmas' Charms its Way Through https://t.co/IwkOBw8zLL,1457048226171867138,['CoyoteCreekChristmas'],226828181,MarvelousGeeks_,"Los Angeles, CA",1393,False,,
2021-11-06,18:00:08,"@grumpysmancave @thehill Trump had a zero policy that separated children.
Wtf are you talking about

If this had been about mothers selling their kids to coyotes, you think we'd be rushing to pay the hush money like this?
LOL.",1457045146139172864,[],846445608361603072,bex0760,"Los Angeles, CA",4979,False,,
2021-11-06,17:38:11,@CanaansDad1969 Oh okay. I heard bout that from neighbor. It’s a good turn for you. Clap 👏 ❤️,1457039623549378561,[],1456963082823950336,coyote_kissa1,"Pasadena, CA",57,False,,
2021-11-06,17:35:57,@CanaansDad1969 What credit card is that?,1457039062292783106,[],1456963082823950336,coyote_kissa1,"Pasadena, CA",57,False,,
2021-11-06,17:32:19,Maturity is when you accept your mistakes and stop the drama.,1457038147628331011,[],1456963082823950336,coyote_kissa1,"Pasadena, CA",57,False,,
2021-11-06,17:22:49,Coyotes definitely earn the name wiley,1457035757667774467,[],1138431,miyukijane,"Venice, CA",2247,True,,
2021-11-06,17:21:46,"Some other time I'll have to tell y'all about the time Bowie almost got eaten by a coyote when we lived in Santa Cruz.

We were literally less than 10 feet away and there were four other BIG dogs with us. 

And that's why we never walk him off leash anymore.",1457035494005481495,[],1138431,miyukijane,"Venice, CA",2247,True,,
2021-11-06,17:20:22,@CanaansDad1969 On my way to your DM 👩‍🦯👩‍🦯,1457035139947532291,[],1456963082823950336,coyote_kissa1,"Pasadena, CA",57,False,,
2021-11-06,17:17:07,@CanaansDad1969 Maybe they are among those people we complain bout everyday 😂,1457034320485380096,[],1456963082823950336,coyote_kissa1,"Pasadena, CA",57,False,,
2021-11-06,17:14:23,I think the lake will be the best place to visit today 😛👋,1457033636486598659,[],1456963082823950336,coyote_kissa1,"Pasadena, CA",57,False,,
2021-11-06,17:13:28,@CanaansDad1969 Omg 😆. Weird funny,1457033403128184835,[],1456963082823950336,coyote_kissa1,"Pasadena, CA",57,False,,
2021-11-06,17:10:59,@CanaansDad1969 It’s necessary,1457032777593868292,[],1456963082823950336,coyote_kissa1,"Pasadena, CA",57,False,,
2021-11-06,16:52:12,"Also I need some more skulls for my collection.

Currently I have: 

1 Deer (sans antlers)
2 Raccoons (one half crushed)
1 Javelina
2 Common murre 
1 Seagull 
1 Raven 
1 Vulture 

I would like to add a coyote or a cat skull",1457028052907560961,[],847527486552276992,MLE_Online,"El Monte, CA",11746,True,,
2021-11-06,16:21:51,"The most magical moment on the preserve came as I was leaving. As the sun began setting a chorus of coyotes began to sing, and looking across the wide open expanse, I felt like I was getting a glimpse of how wild and mysterious this incredible grassland ecosystem would have been. https://t.co/GBqt6i2FI8",1457020413322547201,[],1628345323,inkandtonic,"Los Angeles, CA",857,True,,
2021-11-06,16:10:12,"This makes me so happy to deal with the skunks and coyotes here in LA…cuz rats on the table, nah! https://t.co/fDzAFaZ9WD",1457017481046855685,[],68503971,EricBAnthony,"Los Angeles, CA",5581,True,,
2021-11-06,16:05:26,Got to go to first Ducks game of the year and watch them shove it up @RearAdBsBlog ‘s hoop. Coyotes??? Pfttt #Sandpaperfinish https://t.co/UmjYvBc6Qg,1457016284302901248,['Sandpaperfinish'],85730429,Fueledbyryry,"La Habra, CA",123,True,,
2021-11-06,15:57:48,"Not sure if this #coyote was saying good #morning as I arrive to #stage or 
Yum that’s #lunch!!! #GoodMorning #world #RollSWAT https://t.co/TMFgzNrHCb",1457014361839472640,"['coyote', 'morning', 'stage', 'lunch', 'GoodMorning', 'world', 'RollSWAT']",60340515,LouisDeLaCosta,"Los Angeles, CA",279,True,,
2021-11-06,15:37:00,@TheOGpianoGeek Happy birthday to you. Have a good one 😍,1457009127448662021,[],1456963082823950336,coyote_kissa1,"Pasadena, CA",57,False,,
2021-11-06,15:21:48,@djmmarquis In L.A. it seems like it’s 90% coyote sightings,1457005303224889345,[],203183213,adamjmolloy,"Los Angeles, CA",678,True,,
2021-11-06,14:42:41,Our GSD and the coyote dog we're watching are in constant competition with each other in everything,1456995456983003136,[],19590747,madbaldscotsman,"Twin Peaks, CA",14826,False,,
2021-11-06,14:32:02,@KierstenWarren I got up around 5:00 am a few months ago and took my golden doodle out back to go outside.  It was so dark and I let him out the gate before seeing 5 coyotes in the green space.  I screamed and they ran off and I dragged him back inside!,1456992778135605248,[],269778882,srwchristian,"Irvine, CA",349,False,,
2021-11-06,14:31:42,@Postsemreh That looks like some ACME Wile E. coyote shit going there. Wtf lol,1456992693322612748,[],768508090723422208,BeastmasterRika,"San Bernardino, CA",327,False,,
2021-11-06,14:15:20,@DempMcgee Do people eat coyote,1456988576688734218,[],1276886621904728064,DaytonKeirns,"Santa Monica, CA",70,True,,
2021-11-06,14:06:16,"I don’t know why y’all asking if I smoke or not? 

Silly question haha 😂. Do I look like one?",1456986294953730058,[],1456963082823950336,coyote_kissa1,"Pasadena, CA",57,False,,
2021-11-06,14:04:38,@Truthsp73957317 Word. You too ✌️,1456985884088156161,[],1456963082823950336,coyote_kissa1,"Pasadena, CA",57,False,,
2021-11-06,14:03:13,If you can’t yell “fire” in a crowded theater…you shouldn’t be able to yell “stolen election” in a democracy.,1456985526049796098,[],1456963082823950336,coyote_kissa1,"Pasadena, CA",57,False,,
2021-11-06,13:58:13,I think Luna Likes her new Table 😹😛. https://t.co/kBRLsZDq15,1456984269444698114,[],1456963082823950336,coyote_kissa1,"Pasadena, CA",57,False,,
2021-11-06,13:15:43,"@gates_mcfadden I’ve been so wondering how Rudi has been doing since his dramatic tree episode. If this were ‘Days of Our 9 Lives’, he’d be high on catnip &amp; explaining to the nurse how he doesn’t remember anything past the hi-speed coyote chase down the road.",1456973571914285057,[],328830055,TeklaVassie,"Los Angeles, CA",4825,True,,
2021-11-06,13:09:49,@CanaansDad1969 thank You 😍🤜,1456972087818473475,[],1456963082823950336,coyote_kissa1,"Pasadena, CA",57,False,,
2021-11-06,12:54:34,"@GinPalaceAlice @PepperOceanna Coyotes are rude and won't even look at me, though. 😅 I still love them!",1456968249183113222,[],24736943,mindymayhem,"Huntington Beach, California",1742,False,,
2021-11-06,12:37:52,"Josie Cotton, Suzanne Tabata, Johnny ""Rotten"" Lydon, Ginger Coyote, Rocco going WILD at The Standard Hotel https://t.co/dZEEQ00xyu",1456964048591810561,[],27412149,GingerCoyote,"Hollywood, California",3635,True,,
2021-11-06,12:36:05,If u don’t live In LA you would never expect it but you hear screaming coyotes on a nightly basis running thru the streets like the third stage of hell and u just like get used to it,1456963599004422149,[],200400887,Con666rad,"Los Angeles, CA",730,True,,
2021-11-06,11:58:15,@DDaddyMinaj @T00DLESGAL0RE You need to watch some Discovery channel so you can catch a clue on what would’ve happened to that dog had the owner not suplexed that coyote.,1456954077024116738,[],893527661900845056,dalegas04,"Los Angeles, CA",81,False,,
2021-11-06,11:12:44,Coyote pup I’ve seen lurking outside my apartment is growing into a fine young man https://t.co/4YZF6mOFhk,1456942622568710150,[],904979791543017472,scriptz4sale,"Los Angeles, CA",630,False,,
2021-11-06,08:16:22,@Doc_Coyote Even better! And there was some discussion about Key and Peele meeting some Universal Monsters at one point and even Jay And Silent Bob meet Hellraiser...,1456898239576227841,[],313050693,JacobDavison_,Los Angeles,3468,True,,
2021-11-06,08:10:10,"@Doc_Coyote That would have been gold. Though, for the 80's it would have probably been comedy duos of that era.",1456896676313006082,[],313050693,JacobDavison_,Los Angeles,3468,True,,
2021-11-06,07:40:15,Liz wouldn’t let me go near the coyotes in the rite aid parking lot this is my villain origin story,1456889147172409344,[],98583062,maggiekingdom,"Los Angeles, CA",336,True,,
2021-11-06,06:50:42,Heard some coyotes yipping in the fog covered hills https://t.co/MxpCy2t82Y,1456876678102220801,[],46960191,ecareyo,"Los Angeles, CA",50838,True,,
2021-11-06,06:22:05,Coyotes win! First playoff win in school history! Our defense pitched a shut out!!! https://t.co/rMkBvDVVPQ,1456869476192829440,[],870759037532487680,CoachHedlund,"San Bernardino, CA",300,False,,
2021-11-06,06:19:41,"Make history or be history, my Coyotes decided to make history, the continues. Love this squad. Enjoy it tonight and back to the lab tomorrow. https://t.co/Xp5QGCpI6Q",1456868873748107268,[],1160326575587377152,IndianCoyote,"San Bernardino, CA",206,True,,
2021-11-06,05:36:33,"My Dawgz got to eat tonight!! Coyotes had a choice... ""make history, or be history"" ... We made made history! 
.
#ishscoyotes @ Indian Springs High School https://t.co/PpdC55eIP7",1456858019334135815,['ishscoyotes'],471617551,Rodney909,909 ,96,True,-117.253,34.1114
2021-11-06,05:20:07,Adam Henrique had one goal and one assist in the Ducks' third-straight victory.  https://t.co/cmjXYILJY4,1456853883851055104,[],24928809,CBSLA,Los Angeles,265779,True,,
2021-11-06,05:10:10,@margieacsa @NatlBlueRibbon @lc_coyotes Thank you @margieacsa - This award reminds us of our path forward-  We do all we do for our amazing scholars!  I am #CESDproud!,1456851377892859910,['CESDproud'],3281641669,CentraliaSup,"Buena Park, CA",659,True,,
2021-11-06,05:08:26,Depleted Ducks defeat Coyotes for 3rd straight win https://t.co/b5mOXtikiv,1456850944851857412,[],48791466,RedlandsNews,"Redlands, CA",10199,False,,
2021-11-06,04:55:45,Depleted Ducks defeat Coyotes for 3rd straight win https://t.co/r0AmmWv63O,1456847750608392193,[],19312573,SGVTribune,"Monrovia, CA",38965,False,,
2021-11-06,04:55:45,Depleted Ducks defeat Coyotes for 3rd straight win https://t.co/BQ6REXPwHl,1456847750608338948,[],357855989,DailyBreezeNews,"Torrance, CA",45382,False,,
2021-11-06,04:55:44,Depleted Ducks defeat Coyotes for 3rd straight win https://t.co/0rCwQ2khEB,1456847748448325635,[],163633469,presstelegram,"Long Beach, CA",21820,False,,
2021-11-06,04:55:44,Depleted Ducks defeat Coyotes for 3rd straight win https://t.co/WWEefWdigl,1456847746586062853,[],36726529,sbsun,"San Bernardino, CA",44234,True,,
2021-11-06,04:55:44,Depleted Ducks defeat Coyotes for 3rd straight win https://t.co/4GzSM9DrRO,1456847746342821889,[],15937533,pressenterprise,"Riverside, CA",100780,True,,
2021-11-06,04:55:27,Depleted Ducks defeat Coyotes for 3rd straight win https://t.co/AUcsMeW6ST,1456847675043819522,[],17820493,ocregister,"Orange County, CA",221839,True,,
2021-11-06,04:55:08,Depleted Ducks defeat Coyotes for 3rd straight win https://t.co/eH7fTgy9Mq,1456847594546679810,[],36739057,ivdailybulletin,"Ontario, CA",14566,True,,
2021-11-06,04:53:28,@Loongtv Keeping the Coyotes winless,1456847178631053312,[],2338663171,TheJordanKempf,"Lakewood, CA",134,True,,
2021-11-06,04:41:11,I hope the coyotes get the 4th pick in the draft.,1456844086531407872,[],531917668,Moorlach,"Newport Beach, CA",665,True,,
2021-11-06,04:39:34,Ryan Getzlaf chirping at the Coyotes bench even after the final buzzer had sounded: https://t.co/vju9RDnVlQ,1456843678509453317,[],301691154,Felix_Sicard,"Newport Beach, CA",2415,True,,
2021-11-06,04:34:14,There goes the shutout… coyotes get on the board,1456842338207035394,[],2358848610,DucksNPucks,"Anaheim, CA",18845,False,,
2021-11-06,04:32:11,The Arizona Coyotes. Yikes.,1456841820810268672,[],31293517,dodger1214,Los Angeles,110,True,,
2021-11-06,04:29:35,Defense....Defense.....Defense.... Coyotes lead 8-0 with 4 min to play. @ Indian Springs High School https://t.co/VEZHdQ1Mjo,1456841164787621888,[],2704634042,ISHSCoyotes,San Bernardino CA,407,True,-117.253,34.1114
2021-11-06,04:28:04,"@Dangerwood6 Coyote coyote,
What is your poem?",1456840784410562567,[],855888157107269632,CorsacKs_Art,Ontario,316,False,,
2021-11-06,04:11:29,"Manson goes after two Coyotes at once, because why not? https://t.co/z3auaznFn4",1456836611493154819,[],301691154,Felix_Sicard,"Newport Beach, CA",2415,True,,
2021-11-06,03:43:39,@nicole_ramberg Even coyotes are celebrating Biden's win. 🙂,1456829607525507075,[],1429191686261932035,VPaterno19,Los Angeles,314,False,,
2021-11-06,03:27:08,"The Coyotes might as well try to fight, because they sure aren't doing much of anything during play.",1456825448231411712,[],301691154,Felix_Sicard,"Newport Beach, CA",2415,True,,
2021-11-06,03:22:38,@HaleyAgee guh please don’t😂 like u don’t have coyotes in ur backyard,1456824319275945994,[],905255284171563012,jackkboy47,"br, la",1944,False,,
2021-11-06,02:22:44,"End of 1st Quarter, Coyotes 0, Verbum Dei 0. @ Indian Springs High School https://t.co/46uJfhr2Il",1456809241969299457,[],2704634042,ISHSCoyotes,San Bernardino CA,407,True,-117.253,34.1114
2021-11-06,01:51:20,2.  ...then...in the distance...a pack of coyotes started softly howling. Proper scary!! Family legged it! Leaving me to dowse the flames with a watering can filled from the pond...,1456801342748508164,[],1491646693,solusandearg,Eastern Ontario,125,False,,
2021-11-06,01:27:23,"@MarinScreams @KierstenWarren I live in Anaheim and it's common to see coyotes around March-April at all times. Animal control even puts warnings around the city. There's no hills around here, I don't know where they come from.",1456795315055460354,[],52295643,abrilshande,"Anaheim, CA",586,True,,
2021-11-06,00:32:23,"@KierstenWarren Interesting aside, the coyote is the only “large” predator in the modern era, to expand its range into a separate sub-genus, the Eastern Coyote. (Time-Life told me this as a kid)…😎",1456781471310516225,[],36131848,slamdance954,"Santa Ana, CA",235,False,,
2021-11-06,00:31:06,@CentraliaSup @NatlBlueRibbon @lc_coyotes Amazing work @lc_coyotes!,1456781149439610882,[],750768528773427200,bt_eagles,"Buena Park, CA",249,False,,
2021-11-05,22:33:40,@dagger_actual coyote is a good name,1456751596486885384,[],1240438992174223364,notsayingsoryu,"Los Angeles, CA",2335,False,,
2021-11-05,22:15:41,"@hjelle_brian Not even birds. Excess goes to chipmunks, squirrels, rats, skunks, etc  which then attracts coyotes and other predators. Then the neighbourhood freaks out and insists the coyotes are removed. Someone starts leaving out poison,...... Not good.",1456747072330375172,[],272448767,KidinaSandbox,Southern Ontario,743,True,,
2021-11-05,22:11:46,COYOTES VS VERBUM DEI AT INDIAN SPRINGS HIGH SCHOOL.  7PM KICKOFF.  TICKETS AVAILABLE VIA THE QR CODE OR https://t.co/vhEQu0Mi7B. https://t.co/fWqFuOuOR5,1456746086668849152,[],2704634042,ISHSCoyotes,San Bernardino CA,407,True,,
2021-11-05,22:03:44,"💙 These deer are so dear! We don't offer cookies to 🦌🦌who visit our backyard, but we do let them feast on the rosebuds. (which they devour!) Yes, in metropolis of LA, we get deer, bobcats, raccoons, skunks &amp; coyotes. Happy to share - they were here first. #mydayinla https://t.co/SmVAaSCem7",1456744066008305665,['mydayinla'],100453107,elizabethkarr,"Los Angeles, California",9324,True,,
2021-11-05,21:57:16,"@T00DLESGAL0RE Apex Predator to Another. I love animals, but He was Protecting HIS.... ❤❤❤
If that coyote was dazed... grab by the hindquarters, do the Wonder Woman spin and knock that MF's head up against a tree....
Yeah, it's a Fantasy....",1456742434973515776,[],890644758581915649,CraigWrestleMe,"Los Angeles, CA",497,False,,
2021-11-05,21:27:11,"Cam slaps so hard on the coyote , I don’t think I can drive it without a task force pullin’ up 🙃",1456734866905600002,[],880890120366379008,nxnety,"Los Angeles, CA",32,True,,
2021-11-05,18:35:16,@RexChapman Love it when I hike at Griffith Park I run into deer or coyotes (not so much for them rattlesnakes lol),1456691601867112448,[],289191099,JM3NA,Los Angeles,51,True,,
2021-11-05,18:23:06,"I’m on the third floor for zenith’s sake.  They told me about the coyote problem early on.  I’m just over this situation and want to move to an affordable community on planet earth with door dash, is that too much to ask? 🤯 https://t.co/r3JEsHux02",1456688538611695616,[],369535903,oshjohn1969,"Los Angeles, CA",28,True,,
2021-11-05,17:12:26,"Calling all Coyotes!
Careers Representing America: STEM Diversity Career Fair https://t.co/m3WIFxTEqg",1456670755660320770,[],889542277676146688,CSUSB_SBS,"San Bernardino, CA",125,False,,
2021-11-05,17:11:34,"Just got stalked by and had to charge at a coyote to scare it off while walking Sookie &amp; Bones. 

Wasn't 10 feet behind us when I noticed it. 😡

That's one way to start a Friday.

Actual footage of me from the incident 👇 https://t.co/gkTjFNGzav",1456670538353369088,[],24384306,AudreyAdair,"Los Angeles, CA",1578,True,,
2021-11-05,16:22:57,Happy Friday &amp; Happy Native American Month! Channel your inner #Coyote with #SpaceCoyote and enjoy Today’s 3.5g Flower &amp; Infused PreRoll #BOGO. Visit https://t.co/WmZGbHsFgq for all the details! 😎 https://t.co/mUX773jbug,1456658301475721220,"['Coyote', 'SpaceCoyote', 'BOGO']",989233876609318912,lacannabisco,"Los Angeles, CA",192,True,,
2021-11-05,15:41:30,GAME DAY! Ducks takes on Coyotes tonight!! I’ll be at the game also #FlyTogether @savnhl @91_Pluty @annoyedducksfan @LBCHaloQuacks @sailorelijah @ItsJenJenM @JessicaMedinaa @beskarbby @Quackie_10 @CJKChel @lonninm @smith93jas @Ramirez35Sara @Rgonzo444 @josephlunar824 @zack_hamel9 https://t.co/2y6nF9HLyF,1456647873123155973,['FlyTogether'],393792064,LakerChris26,,3634,True,,
2021-11-05,15:15:35,@TimonicWulfgar Like... They live in a neighborhood with a lot of coyotes too. You picked wrong friends,1456641350795862017,[],14254444,krenshar_posts,"Los Angeles, CA",8663,True,,
2021-11-05,15:06:58,@shawnmicallef @CarlynZwaren @bruce_arthur @andraydomise Raccoon. Maybe coyote (if we want to be really cool)?,1456639179685867522,[],465145752,chrisveronik,Ontario,118,False,,
2021-11-05,14:51:50,"A blooming Coyote Bush (Baccharis pilularis) is not traditionally pretty, but has these tiny blooms (about the size of a mechanical pencil eraser), the local wildlife love it, and take almost no care or water. #California https://t.co/JimWyr9ULA",1456635373929435145,['California'],56125412,AndyKingSoCal,"Orange County, CA",1115,True,,
2021-11-05,12:31:32,Tips to avoid coyote encounters https://t.co/q0QvsuTwMt,1456600065238253578,[],920244026,CoyoteWatchCAN,"Ontario, CA ",4420,True,,
2021-11-05,11:58:53,@CentraliaSup @NatlBlueRibbon @lc_coyotes Absolutely!! That is the goal!!,1456591850085642244,[],750768528773427200,bt_eagles,"Buena Park, CA",249,False,,
2021-11-05,05:05:01,Thought I heard a dog being eaten by coyotes but then the sounds went away,1456487693437657088,[],777378612,Greg_Dmnd,"Los Angeles, CA",732,True,,
2021-11-05,04:58:47,"@bt_eagles @NatlBlueRibbon @lc_coyotes Thank you, Principal Dominguez!   Is @bt_eagles next for a @NatlBlueRibbon ?",1456486125686738986,[],3281641669,CentraliaSup,"Buena Park, CA",659,True,,
2021-11-05,03:51:14,"The police sirens 
Trigger coyote howling
Alarming music

#haiku 

I need more sleep",1456469129418977282,['haiku'],321738111,JenniferBrandel,Chicago / Los Angeles,13339,False,,
2021-11-05,03:10:34,"I had an amazing football coach when I was a freshman in high school, fresh to everything around me in sunny CA. Meant the world. Coach Coppola #CHS #Coyotes 

#ThanksCoach",1456458892561371139,"['CHS', 'Coyotes', 'ThanksCoach']",81296007,TalentDisplay,"Los Angeles, CA",8783,False,,
2021-11-05,02:38:08,@CJKChel @jnnyfrh A coyote in a shark onesie!!! 🤔🤔🤔,1456450731666403333,[],1136095634,lorrielinn,"Costa Mesa, CA",180,False,,
2021-11-05,02:23:08,The forbidden plug,1456446956587261962,[],876679461734817792,clef_coyote,"Van Nuys, Los Angeles",287,False,,
2021-11-05,01:42:09,"Current Coyote Entrepreneurs: Visit the link in our bio to sign up! At Lunch on Tuesday, November 9th we will provide you with a table to promote your small business or quarantine hobby. No Sales can take place, but you can advertise to increase your clientele! 🦊🧡 https://t.co/y2Aqr3LRUU",1456436641539641344,[],4724525808,OrangeVistaASB,"Perris, CA",791,True,,
2021-11-04,23:23:23,"#KeithUrban's beautiful 1969 #FordMustang. 5.0-liter Coyote engine, #ROUSH supercharger, delivering 700 horsepower via a 10-speed auto transmission. Keith received the car in 2008 from #NicoleKidman as a present to celebrate their 2nd anniversary. #FordSEMA https://t.co/rEwWIU3zg3",1456401719282204681,"['KeithUrban', 'FordMustang', 'ROUSH', 'NicoleKidman', 'FordSEMA']",996383224879304705,danstiel,"Los Angeles, CA",30,False,,
2021-11-04,22:44:02,City Council could green-light Los Coyotes Diagonal signal improvements  https://t.co/6K77qjvSAu,1456391816761257986,[],20496846,LongBeachPost,"Long Beach, California",58846,True,,
2021-11-04,22:23:21,@CentraliaSup @NatlBlueRibbon @lc_coyotes Congratulations!! @lc_coyotes,1456386612309344298,[],750768528773427200,bt_eagles,"Buena Park, CA",249,False,,
2021-11-04,20:30:27,"After 2 years of dark, quiet stadiums…the Coyote Pride was able to perform under the lights once again! And they did a fantastic job!! We received a 61.68 which is also the highest score we have EVER received on the field. That put us 2nd in our division and 7th (out of 9) bands https://t.co/r0fpvwL3mY",1456358201587232782,[],921947851827175424,OVHSCoyotePride,"Perris, CA",122,False,,
2021-11-04,18:19:25,"@kainlumieres El Barrio Cantina, Gus Fried Chicken, Little Coyote, Robert Earls",1456325224253718532,[],1053339439416598528,flatsonlygang,"Long Beach, CA",217,False,,
2021-11-04,17:54:02,"What are the odds of being on a ✈️ to the @NatlBlueRibbon ceremony  &amp; hearing the voice of a young man say, “Is that face mask for @lc_coyotes?That’s my elementary school!”He then says, “My 6th gr. Teacher was Ms. Vey. Is she here?”👍 #relationships!  #CESDproud!  @teachcardona https://t.co/mMQusWLvV1",1456318838077808642,"['relationships', 'CESDproud']",3281641669,CentraliaSup,"Buena Park, CA",659,True,,
2021-11-04,17:40:55,"Long Beach, California - Ate the white pie pizza. Was the only thing I ate all day. Hours later, bubb... Food Poisoning https://t.co/Ui8DT0myCt #nausea #diarrhea #fatigue #stomachpain",1456315534610403344,"['nausea', 'diarrhea', 'fatigue', 'stomachpain']",921197448885886977,iwaspoisoned_,,293,True,-118.1080387,33.8198435
2021-11-04,17:17:01,@BaG_Coyote I'm safe thank you.. yea I hope so too,1456309519714160640,[],270730569,Brianniful,"North Hollywood, Los Angeles",762,True,,
2021-11-04,17:05:32,@obsurdist @gps_tx @resnikoff Here in southern CA I read a Nextdoor comment thread that compared homeless people to coyotes. I’ve had enough.,1456306631180894209,[],255411507,stephmcgowan11,"Orange County, CA",147,True,,
2021-11-04,15:48:03,We are thrilled to be at the @NatlBlueRibbon ceremony to receive the #nbrs2021 award for @lc_coyotes. https://t.co/pQC6GQzALB,1456287131479990284,['nbrs2021'],3281641669,CentraliaSup,"Buena Park, CA",659,True,,
2021-11-04,14:41:35,@Davenportant my neighbors have a coop. out here coyotes are the real chicken getters,1456270406730407943,[],531613124,UncleNatie,LA,647,False,,
2021-11-04,13:41:18,@eyeslikebadu What? You have buddies that coyotes,1456255236402671623,[],3840993492,MisterSal1974,"Los Angeles, CA",57,True,,
2021-11-04,13:06:36,@Coyote_Arts @Cherfan4ever1 @PplsCityCouncil @cher We can and should build tiny homes correctly. https://t.co/IkVsS2d0cM,1456246500187467780,[],1341820938862481408,HowTheWestWS,"Santa Monica, CA",413,False,,
2021-11-04,12:23:16,@Coyote_Arts @Cherfan4ever1 @PplsCityCouncil @cher LBCC is a 2yr community college. There is no on campus dorms. Maybe hook them up down the road at CSULB.,1456235596846821381,[],1377406530,ArtieBang,"Laguna Beach, CA",174,False,,
2021-11-04,07:04:25,The coyotes outside being a little too loud rn,1456155355440836617,[],348930681,ChloeEfuru,"West Covina, CA",802,False,,
2021-11-04,04:24:15,"@4jinxremoving See did not know that as living in a city - we have like coyotes, raccoons, squirrels etc.. but no deer unless I go up in the mountain areas more but do they touch them or something, it just seems odd that humans can give it to animals - I know a lot of zoo animals have been",1456115048888164355,[],23585011,Peggles12,"Los Angeles, CA",574,False,,
2021-11-04,04:04:12,"Happy Hump Day coyotes ! 
#CoyoteRadio FG https://t.co/v1QIKoAsVZ",1456110002696073221,['CoyoteRadio'],501125297,CoyoteRadioCSU,San Bernardino,1335,True,,
2021-11-04,03:32:37,Just saw a coyote in my neighborhood while walking Scout….and people still walk their dogs off leash here 😭,1456102053248331777,[],1599055556,_ChristinaPak,LA,57,False,,
2021-11-04,02:55:49,Great job Coach Sun and Coyote Athletes!! https://t.co/dvYszTIb9Y,1456092792296394752,[],870759037532487680,CoachHedlund,"San Bernardino, CA",300,False,,
2021-11-04,02:52:15,"@Kastia I did a major paper on Coyote, the trickster, in undergrad. It was so much fun.",1456091896653271046,[],1147701409120489472,naturecognition,Ontario,3825,False,,
2021-11-04,02:18:17,"@KayinNasaki I think it takes some courage to implement a platformer-like game without physically impossible BS for jumps: no coyote time, no double jumps, no air control.  But there have to be advantages in the game being able to leverage your brain, and also no BS in the level design.",1456083349823373312,[],70531391,Nullcast,"Valencia, CA",34,False,,
2021-11-04,02:09:05,Hey there Coyotes! Have you seen these students around school?!?! Here are four more Coyotes for you to meet! Do you have something in common? #WeAreOV https://t.co/Ud5Jb9h9CN,1456081031560269826,['WeAreOV'],4724525808,OrangeVistaASB,"Perris, CA",791,True,,
2021-11-04,01:59:27,@thinkwritefilm Coyote Creek Christmas!!!! It's quite charming and I liked it!,1456078608171094024,[],49918899,Klar91,"Los Angeles, CA",3485,True,,
2021-11-04,01:53:14,"@CuarentaqSonUno @christine_p_33 No match. Especially if it’s 2 Coyotes. Coyotes can get up pretty high when they are on a hunt. I. Really, Really hope you find him. Maybe he’s been accidentally locked in somewhere???",1456077042185764867,[],133386683,Ammoo7,"Los Angeles, CA",78,False,,
2021-11-04,00:54:34,Seeing coyotes in daylight hours is pretty unsettling 😳,1456062281016504324,[],76498587,brooklynaguirre,"Los Angeles, CA",1742,True,,
2021-11-04,00:50:44,Omg so we on break an just seen a coyote in the parking Lot !!!!!!!,1456061316792307714,[],711932222065012736,muff53000,"Calabasas, CA",766,False,,
2021-11-04,00:26:19,"#SONKSWIN

The #STSONKS beat the Arizona Coyotes!

Final Score: SONKS 5, Coyotes 3

#STSONKS #1P94",1456055170295533574,"['SONKSWIN', 'STSONKS', 'STSONKS', '1P94']",1456046647306330115,StSonks,St. Catherines Ontario,1,False,,
2021-11-04,00:18:01,@StellarAntares @CassiusF0x @PNWorks This better have been at the Coyote Moon machine &gt;:3,1456053080735113218,[],771555714061836288,ConorTheFox,"Costa Mesa, CA",1098,True,,
2021-11-03,23:59:04,"@scottEmovienerd I was just talking to my wife about our dear departed kitty who made it to 17 years in coyote country. He came in every night, though, crafty devil that he was.",1456048314881691655,[],195129672,MuseZack,"Encino, California",31460,True,,
2021-11-03,23:19:43,"NHL Highlights | Coyotes vs. Flyers - Nov. 2, 2021 - SPORTSNET
https://t.co/koIZxvUqxw",1456038409521307651,[],1007725923720835072,NewsfeedsMedia,"Los Angeles, CA",215,False,,
2021-11-03,23:07:03,@xmermaidmama @HavenFaithc no): i went to a school in LB and then coyote. i have all the years books from middle school and high school though haha,1456035221317423105,[],509723784,nyltixk,disneyland,609,True,,
2021-11-03,22:01:23,@ColeTheBlackCat I have to say I'm rorn. Proud of the brave cat but coyotes are going into communities because man is taken ng away their habitat! Coyotes shouldn't starve because of man's greed!!,1456018697110183938,[],1082862304683712513,JayneeHarpe,,74,True,,
2021-11-03,22:00:53,"The Coyote (Canis latrans) fills the same ecological niche in North America as the Golden Jackal (Canis aureus) in Eurasia. This means that the two wild dogs respond to the distribution of resources and competitors in a similar way. 

PC: Luna Teege https://t.co/ytgvvregHz",1456018571683901442,[],1004589272,BolsaChicaCon,"Orange County, California",936,True,,
2021-11-03,21:35:11,@FriesFootball @NickOlsonNFL They have tried like 4 different things lol. Klint Kubiak is wile e coyote chasing a 2019 bootleg strike with increasingly galaxy brain ideas,1456012104859734019,[],973237121438777347,LukeBraunNFL,"Los Angeles, CA",6685,True,,
2021-11-03,21:14:57,"Wait, the Coyotes are 0-9?! Lol",1456007012295184385,[],299932701,sundevilpat,"Corona, CA",661,True,,
2021-11-03,19:30:16,Get Discounted Tickets to come out to Honda Center in Anaheim on Friday Night to see the Ducks Face Off against the Arizona Coyotes #ducks #coyotes #arizonacoyotes #anaheimducks #anaheim #arizona #longbeach #coasttickets #tickets #duckstickets #hondacenterhttps://conta.cc/3wo30LD https://t.co/ICNlKARBS7,1455980666886164480,"['ducks', 'coyotes', 'arizonacoyotes', 'anaheimducks', 'anaheim', 'arizona', 'longbeach', 'coasttickets', 'tickets', 'duckstickets']",319185194,CoastTickets,"Long Beach, CA",469,False,,
2021-11-03,18:09:07,@wizkhalifa The Coyotes are worse so damn loud!,1455960246124376064,[],1397860717827526659,Queenbaths,"Calabasas, CA",10,False,,
2021-11-03,17:38:19,"@OnlineAlison Several comments later…
“I feed the coyotes!”",1455952495671341057,[],238253819,johnlevenstein,Sherman Oaks,34328,False,,
2021-11-03,17:36:04,@johnlevenstein If we hadn’t defunded police there wouldn’t be so many coyotes!!!!!!!,1455951926332329985,[],24115438,OnlineAlison,"Los Angeles, CA",22371,True,,
2021-11-03,16:21:23,@TheOGpianoGeek That her COYOTE dues are late...,1455933133853839361,[],367334101,CameronFurlong,"Burbank, CA",146,False,,
2021-11-03,16:17:03,"Hey Coyotes! There is a virtual PFC meeting next Wednesday, November 10th at 9:00 am. You don't wanna miss it.  Click here for the Zoom link:  https://t.co/2t8f4T7c9W or go to our website. #coyotepride #CHSPFC https://t.co/HDtuuiKqou",1455932042894614528,"['coyotepride', 'CHSPFC']",51948241,CalabasasHS,"Calabasas, CA",2213,True,,
2021-11-03,16:08:57,"@DunkaPeacecraft The Dems have been in power for a year, they've done nothing with it and thus have nothing to campaign on so they're forced to pull stunts like this that are sure to blow up in their face Wile E Coyote style.",1455930002583654404,[],18714745,1_800_Drewidia,Los Angeles,503,False,,
2021-11-03,16:01:51,Hey Coyotes! Here are this week's events! #coyotepride #lvusd https://t.co/H8byvB3hTT,1455928219241230342,"['coyotepride', 'lvusd']",51948241,CalabasasHS,"Calabasas, CA",2213,True,,
2021-11-03,15:56:33,"Hey Coyotes! Next week we do not have school on Thursday, November 11th. Please plan accordingly. https://t.co/10i9f7G6Lg",1455926881484787713,[],51948241,CalabasasHS,"Calabasas, CA",2213,True,,
2021-11-03,15:38:40,"my poem “Baja”
whale bones in the desert, coyotes in the sea - If I’m not back within six weeks please don’t rescue me https://t.co/CZD93niYhy",1455922384481886213,[],334229260,Seekerini,"Long Beach, Ca",454,True,,
2021-11-03,14:11:43,"Coyotes @ Flyers 11/2/21 | NHL Highlights - NHL
https://t.co/guP6XqeCQE",1455900499841060870,[],1007725923720835072,NewsfeedsMedia,"Los Angeles, CA",215,False,,
2021-11-03,11:11:46,"This sign messaging is excellent. 
New coyote warning signs being erected in Richmond https://t.co/18PAen4nFU via @TheRichmondNews",1455855216193122314,[],920244026,CoyoteWatchCAN,"Ontario, CA ",4420,True,,
2021-11-03,08:45:01,@kirst_alyssa Move the coyotes to Quebec where they will do better,1455818284893458432,[],462650378,MattTinyLorentz,St Clements Ont,181,True,,
2021-11-03,04:21:49,I JUST WATCHED A COUPLE LEAVE THEIR CRIB FOR A WALK AND GOT FOLLOWED BY 2 COYOTES LIKE RIGHT IN THEIR TRACKS LMFAOOOOL,1455752048234754048,[],36086449,ontheflogeorgie,"Orange County, California",866,True,,
2021-11-03,04:11:04,"Me: screams, “omg look at the sun setting it’s so pretty!”
BF: no I can’t look, I’m driving and there are wild animals like rabbits and coyotes.
Me: the sun is still out there are no coyotes!!!!
13 seconds later
BF: look! A coyote!!!!!
Wtf?!? Why was it out in the day?!?",1455749341281329161,[],23701803,memoryandadream,Orange County,340,True,,
2021-11-03,03:52:01,@dee_coyote I am causing problems on purpose.,1455744548185919495,[],45429206,kangamutt,"Los Angeles, CA",319,True,,
2021-11-03,03:25:29,Had a short but nice reset at Big Bear for a few days. I also had to call my husband to pick us up down the street because a big coyote was running down the street as I was walking my reactive pup. Did I run into someone’s yard to wait? Sure did. It’s all rentals &amp; it was dusk,1455737873257226240,[],280681677,VirginiaIsaad,Los Angeles,1543,False,,
2021-11-03,03:24:15,"@tagaq Saw a group of about five coyotes today walking down the street, definitely hanging out.",1455737562870341633,[],877941874417319937,LabSpecEth,"Pasadena, CA",2000,False,,
2021-11-03,02:18:08,"@Davidlaz And yes, sometimes prey is prey. My feline best friend was snatched by a coyote. I choose to remember her ""cross animal"" connections.",1455720920258002954,[],772617510,nancecontreras,"Los Angeles, CA",92,False,,
2021-11-03,01:18:16,"Coyotes Football Playoff Tickets on sale now, online only.    This Friday, November 5, 2021 at Indian Springs  High School vs Verbum Dei.  7:00pm Kickoff. GO COYOTES! https://t.co/fTKqtY9ES0",1455705854544650243,[],2704634042,ISHSCoyotes,San Bernardino CA,407,True,,
2021-11-03,01:13:35,@Southernvaper1 This is what I mean by playing with Eli. He never actually bit me. No pain. Just blood and stains on my shirts. But Eli has killed a coyote with a single bite to the neck. He is a badass dog. I love playing with him. It always ends with Eli on his back &amp; me rubbing his belly. https://t.co/ID8YPw2qGF,1455704679095037952,[],532018495,DavidPForsyth,"Santa Monica, California",2088,False,,
2021-11-03,00:59:15,Aaaannnnddd The Lady Coyotes Win....11-7 over La Quinta today in the CIF Wildcard Round.  Tomorrow The Ladies travel to San Dimas for their match at 2pm @ Indian Springs High School https://t.co/PGKfoaoAJP,1455701071117049863,[],2704634042,ISHSCoyotes,San Bernardino CA,407,True,-117.253,34.1114
2021-11-03,00:36:20,"Yes, and for coyotes. 

These animals are as part of America as anything. 

https://t.co/W1lk3ZJjvY",1455695304750092294,[],724299151,VildeHaya,"Los Angeles, CA",783,False,,
2021-11-03,00:29:52,Attention Coyote CCP Elective students! The Achieve 3000 Fall Reading Challenge begins soon. https://t.co/vtCU2hKYEK,1455693674814214147,[],1225623375260700672,KuceraCoyotes,"Rialto, California",141,False,,
2021-11-03,00:19:44,"i'm gonna pull for Thoma as soon as i get home

if i get Hu Tao i will lay in the orange grove out back and wait for the coyotes to come eat me",1455691127147749381,[],1444976640,Cyleki,"Lake Elsinore, CA",60,False,,
2021-11-03,00:00:13,@yotestradecen @PHNX_Coyotes Agree to disagree with you on this one.,1455686212325306372,[],382978525,thetonyjames,"Anaheim, CA",419,True,,
2021-11-02,23:55:05,@PHNX_Coyotes Melker Karlsson of SJ is the Melk Man. We’re not stealing someone else’s nickname.,1455684923063291904,[],382978525,thetonyjames,"Anaheim, CA",419,True,,
2021-11-02,23:04:47,"The CSUSB 2021 Festival de Calaveras will be hosted by the Robert and Frances Fullerton Museum of Art (RAFFMA) on Saturday, Nov. 6 from 11 am - 4 pm. 

Coyote Radio will be in attendance with prizes, giveaways, and playing local bands! 

@RAFFMAcsusb @CSUSBALFSS @ALFSSCSUSB https://t.co/HfBc7hYC05",1455672265392070658,[],501125297,CoyoteRadioCSU,San Bernardino,1335,True,,
2021-11-02,22:21:07,"To the guy that I saw in the Selanne Mighty Ducks jersey at the Flyers Coyotes game, sup?!?",1455661276315758599,[],33069812,ReindeerGames91,"Long Beach, CA",1505,True,,
2021-11-02,21:29:23,"We are pleased to introduce the @KuceraCoyotes' brand new esports lab, a first of its kind in the RUSD!

Kucera MS launched its state-of-the-art lab with a grand opening ceremony today. The Coyote students were eager to walk through the doors and start gaming! 🎮🖥️ https://t.co/419kACDumz",1455648257401450500,[],95144774,RialtoUSD,Rialto CA 92376,2422,True,,
2021-11-02,21:22:04,@Southernvaper1 Eli is very big. His head is above my waist. And he turns heads wherever we go. Very friendly. But has killed a coyote with a single bite to the neck. Good companion.,1455646413040218112,[],532018495,DavidPForsyth,"Santa Monica, California",2088,False,,
2021-11-02,18:56:27,"Heads up folks, probably won't be that active during the Ducks game seeing as I will be at the Flyers Coyotes game tonight!",1455609770606465034,[],33069812,ReindeerGames91,"Long Beach, CA",1505,True,,
2021-11-02,17:31:52,@Coyote_Prettyy That man gets by on luck alone,1455588482462543878,[],743012254853959680,SHIROSAKI_21,"Riverside, CA",446,False,,
2021-11-02,17:22:51,tapped in wit Wes for when I touch down cause niggas said it won’t none of the long distance ranges round the way like how Angeles one is out Sylmar niggas hunting coyotes and using his land instead a lil pass Augusta still able to spin back into Atlanta no problem.,1455586214174552064,[],944091559678566400,KCXSLEEK,LA.,312,True,,
2021-11-02,16:34:43,"From Great Pyrenees Customer  Bren and Jeff C

Maggie is a big girl. Scared her first coyote away at 4 months. We praised her very much. We were right there with her with our chihuahuas https://t.co/PKK7ijKyog",1455574099535843330,[],101522423,debbieshowsilki,"Norco, CA",5,True,,
2021-11-02,16:04:47,@kilokamilo @_jpow @SiriusToken @DavidDo74603299 Varmint control. Use it for coyote and boar.,1455566567396175875,[],21104857,shopper61,"Santa Monica, CA",105,True,,
2021-11-02,15:42:20,@asaprajy @TheRewatchables @BillSimmons @ChrisRyan77 I dunno. Michael Mann is the one director who consistently makes his movies worse when talking about them. At a screening in Oct he revealed the coyote scene in Collateral was produced and not an accident. COME ON dude! Everyone thought that was such a cool story. Now its gone.,1455560918180372481,[],316206271,DickSchulz,"Los Angeles, California",109,True,,
2021-11-02,15:42:13,Our first TRANSFER Orientation is today and we can’t wait! Welcome to our new Spring 2022 Coyotes! 🐺🤟🏼 #CSUSBOrientation #WelcomeToThePack,1455560887314518019,"['CSUSBOrientation', 'WelcomeToThePack']",3145006386,CSUSBofye,Cal State San Bernardino,527,False,,
2021-11-02,09:27:17,@MrcoLeK @Wiley_Coyote_G lmaoo im bouta bxb you both 💯❤️,1455466534697013253,[],1272811654774841345,lefthumb,"Los Angeles, CA",718,True,,
2021-11-02,05:53:58,the los feliz coyotes are OUT tonight,1455412851972083723,[],17110927,ItsDanSheehan,"Los Angeles, CA",37155,False,,
2021-11-02,05:50:17,Coyote revolution has begun btw,1455411924254871559,[],17110927,ItsDanSheehan,"Los Angeles, CA",37155,False,,
2021-11-02,04:49:33,"@myBurbankNEWS Sounds like same 1 I've been seeing off Alameda &amp; Main, then off Verdugo &amp; Victory. Are we supposed 2 contact Animal Control when we see 1? I've avoided Griffith Park Mineral Wells area since coyote charged at me w/ med size dog a month ago. Luckily car nearby honked 2 scare it.",1455396638759940100,[],37202601,beckarooner,"Los Angeles, CA.",1419,False,,
2021-11-02,04:47:42,@brody_coyote @BobbyBoyRecords @defjam Thank you Brody,1455396174324645891,[],89778164,damianlhudson,"Los Angeles, CA",9900,True,,
2021-11-02,03:57:50,@oxojesss @MiguelMvrtinez On god wasn’t the migra gonna take him for djing for the coyote ?,1455383626741256197,[],926141869095923712,oxokriss,Emergency room,696,True,,
2021-11-02,03:22:35,@brody_coyote @BobbyBoyRecords Let’s goooo bro!!!,1455374753783484417,[],384210112,JohnLindahl,"Orange County, CA",23605,True,,
2021-11-02,02:30:49,@yeenyboi Need Coyote and Yeen pictures sometime ❤,1455361724647944197,[],990446137302757376,khalifayote,VA,11087,False,,
2021-11-02,02:29:53,Before the coyote sighting.  #😳 https://t.co/5m2HgvidbT,1455361492430118917,[],97120874,richmollo,"Los Angeles, CA",2553,True,,
2021-11-02,02:11:35,"Hmmm, to post or not to post coyote pictures? 🤔",1455356887940087810,[],990446137302757376,khalifayote,VA,11087,False,,
2021-11-02,01:51:07,"So sad. Greedy developers destroying wild areas. No need to develop further into the canyons and foothills. Greedy developers destroying deer, mountain lion, and coyote habitat. 
There is plenty of developable land in the valleys and urban areas. 😡😢🐺🦌🦅🦉
#optoutside #nature https://t.co/qXJT0MoEy6",1455351737456336896,"['optoutside', 'nature']",296439887,Toshogu,Los Angeles,297,True,,
2021-11-02,01:23:01,"@CrytzerFry Fortunately, many wild animals are (as you know better than most) amazingly adaptable &amp; resilient — I love that coyotes find a way despite the despicable behavior of despicable humans. So happy for you &amp; Tripawd! ❤️",1455344664052068354,[],250314771,bruisermom,"Camarillo, CA",197,True,,
2021-11-02,00:22:33,$tsla is the Road Runner.  FUD is the coyote. https://t.co/gUaRpQqKri,1455329445233889280,[],1197431140438593536,JosephVVallace,"Irvine, CA",7956,True,,
2021-11-01,23:38:07,"@LAmeekly Bánh mì, mountains, enclaves within enclaves, parks, pubs, buses, coyotes, swap meets, theaters, plastic food displays, pumas, architecture, ""ethnic"" malls, museums, folk art, pupusas, bears, revival cinemas, islands...basically everything except the sunshine, slebs, and cars.",1455318265819844609,[],70507732,Eric_Brightwell,"Los Angeles, California",1055,True,,
2021-11-01,23:31:36,"I also grabbed a pair of scissors that were in there for safety. When I was finally able to step out of the car and out of the sand I found the town had been destroyed and there was angry coyotes approaching me, some of them were feeding on the other bodies that didn’t make it",1455316624769126401,[],1202354910726983681,futiletweet,"Los Angeles, CA",19,False,,
2021-11-01,23:07:11,"@healthyheating I know this is a dumb reference, but I've loved watching my many dogs over the years putting their snouts up in the air to sample the drift. Off the breeze, coyote nearby? Or the waft of some dog in a car that just drove by. They're sniffing the tiny particles drifting by.",1455310478196961289,[],56800900,HelenDriscoll,Los Angeles CA,374,False,,
2021-11-01,22:30:17,Please visit our website https://t.co/a5OWf3PsSb for an update from Superintendent Martinez.,1455301193563926532,[],750804291678449664,lc_coyotes,"La Palma, CA",282,True,,
2021-11-01,22:11:20,@myBurbankNEWS Saturday I saw a coyote comfortably snacking on a squirrel around Pass and Verdugo on a front lawn.,1455296426607464455,[],1024779285968510976,EntitledCycling,"Los Angeles, CA",1335,False,,
2021-11-01,22:02:56,Report by Burbank PD of a coyote running around the area of Beachwood and Oak - watch your pets if you are in the area - Animal Shelter has been dispatched,1455294310534971398,[],122307445,myBurbankNEWS,"Burbank, Ca  USA",45725,True,,
2021-11-01,21:16:17,look at this big ass coyote Rosie &amp; I saw this morning 😳 https://t.co/2g5qtqvHnb,1455282570246049797,[],319697546,shutupsilver,Los Feliz,378,True,,
2021-11-01,19:28:36,There was a coyote in my backyard this morning. Why? 😭,1455255472013864960,[],1388063802,cillaaboo,,239,True,,
2021-11-01,19:25:00,"@savg_coyote @GACPodcast17 That ain't sarcasm, that's just a random ass statement.",1455254566363041793,[],1132445563465551872,KunoKeebs,"Los Angeles, CA",156,False,,
2021-11-01,19:16:07,@ibookery @drkiki @padresj Right! Someone else made the Wile E. Coyote connection. It's a very odd decision.,1455252332027858948,[],771851136655589377,NeilLowenthal1,"Los Angeles, CA",18365,False,,
2021-11-01,18:59:52,@twistedleafs I don't understand how he can go on any platform and tell him what the Blackhawks did isn't as bad as what the Coyotes it Devils did,1455248239750483970,[],1447304568522645504,DiemondJoe83,Ontario,101,False,,
2021-11-01,15:53:43,"Not a metaphor, a literal coyote brushed against my leg last night",1455201393678061569,[],30598326,Mattxthexkiller,"Los Angeles, CA",406,False,,
2021-11-01,11:59:21,"Visiting dog (the coyote one) started barking at 4 A.M. so I got up and let him out long with the other dogs. They didn't go out &amp; start barking, thank goodness. But when I'm up, I'm up",1455142415677878280,[],19590747,madbaldscotsman,"Twin Peaks, CA",14826,False,,
2021-11-01,07:17:44,"2/ We know that a Bobcat and Coyotes have been around the house because we’ve seen them on the outside cameras. One even came by to drink water at 12:45 p.m. in the afternoon a couple of days ago. 
We always had that worry that she was vulnerable.",1455071542669312004,[],27870004,MagdaleneXXX,Los Angeles,50202,False,,
2021-11-01,05:48:59,A coyote ran across out path while we were out exploring our neighborhood and I'd like to think that's a positive omen of some kind,1455049209128763394,[],3672722984,Kitkadenya,"Anaheim, CA",75,False,,
2021-11-01,05:24:31,"@jabbafanclub @Nextdoor @bestofnextdoor And then you always see the follow up a few days later where they're all ""aww my poor baby got eaten by coyotes"" like oh no if only there was something you could've done to make that never happen, such as uhh not leaving your pet outside to be eaten by coyotes #weird",1455043051093512192,['weird'],2811710486,eatpreycode,"Ventura County, CA",48,True,,
2021-11-01,05:22:51,"@jabbafanclub People on @nextdoor be like ""ah fuck my outdoor cat/small dog is missing 😭😭😭 OMG what could've happened pls help"" a pack of coyotes ate it you dumb bastard do you even know where you live RN @bestofnextdoor #nextdoor",1455042631407325192,['nextdoor'],2811710486,eatpreycode,"Ventura County, CA",48,True,,
2021-11-01,03:14:04,Coyote and bobcat caught on camera https://t.co/FcLZZG6JQX #trending,1455010224130035713,['trending'],340681610,Watchinga,"Los Angeles, CA",410,False,,
2021-11-01,03:05:25,@Joe_Schmucc This is about to be you going back and forth with that coyote lol https://t.co/f4wepou7KR,1455008045138792456,[],11697212,OdotJdot,"Los Angeles, CA",2136,True,,
2021-10-31,23:30:21,Now Playing:  Coyote by Joni Mitchell on https://t.co/NX6Q0NVj7f https://t.co/e30CeEMeN3,1454953923568091140,[],925862480932253697,knxfm931,"Los Angeles, CA",127,False,,
2021-10-31,20:08:33,"@mikepompeo Wow, $450,000?
I walked up #VanNuys Blvd. the other day &amp; saw just the opposite.  #ILLEGALimmigrants #enslaved while being #berated by those awful #coyotes.",1454903136041144322,"['VanNuys', 'ILLEGALimmigrants', 'enslaved', 'berated', 'coyotes']",36312907,Joannajac,,121,True,,
2021-10-31,19:42:52,Is it normal to see so many coyotes in the daytime?,1454896674296324098,[],1075563933182976000,husbandwanter_,"British Columbia, Canada",6485,True,,
2021-10-31,19:13:34,@Doc_Coyote Makes sense to me,1454889300210843655,[],313050693,JacobDavison_,Los Angeles,3468,True,,
2021-10-31,18:57:57,@ai6yrham It says they adopted the coyote and it learned to play with the cat. But would like to hear an update few years later.,1454885372035420162,[],1873509336,iamlubos,"Westlake Village, CA",352,True,,
2021-10-31,18:31:02,"@dr_earthquake This may be even more specific than that. Only in Southern California? LA County? The San Gabriel Valley? The specific combination of busy street traffic, wild peacocks and coyotes?",1454878597026512903,[],1280813924,MarkPanning,"Pasadena, CA",1629,True,,
2021-10-31,16:27:30,Oh my god. There was just a traffic jam on California Blvd in front of our house because a peacock was chasing a coyote down the middle of the street. I swear I’m not making this up!,1454847510581710852,[],1280813924,MarkPanning,"Pasadena, CA",1629,True,,
2021-10-31,16:08:12,"We have a coyote that wanders through our neighborhood, daily now, and taunts all of our dogs. It’s the ugliest scariest scrawniest thing. Ugh.",1454842650230542346,[],1253097564,kevsqt,"Los Angeles, CA",978,True,,
2021-10-31,16:08:08,"Thank you @ReporterDawn for great reporting and @TOAcornNews for putting it on the front page!  Tragic.  Coyotes are highly intelligent and just trying to survive.  Keep small pets indoors!
Thanks also to @COSFoundation for your advocacy on this issue!👏👏 https://t.co/PMMhJzFy5E",1454842634128658435,[],2742769438,hillypaige2,"Thousand Oaks, CA",506,True,,
2021-10-31,16:03:32,"Had to stop someone in my support group referring to coyotes as ""puppers.""

Intersectional mental health means sometimes getting furries who want to anthropomorphize animals as a coping mechanism for their own dysregulated emotion and behavior.",1454841477872246788,[],123403100,RagingToro,"Orange County, CA",311,True,,
2021-10-31,15:53:27,Doorbell Camera Catches Cat Named Kevin Boldly Chasing Coyote Away from Owner's Portland Home https://t.co/KaLzENxT1L,1454838941643788290,[],8644732,Excaligirl,"Norco, CA",148,True,,
2021-10-31,15:29:42,@brody_coyote Oooh what did you notice bro,1454832962080362503,[],384210112,JohnLindahl,"Orange County, CA",23605,True,,
2021-10-31,05:25:46,@rosiegirl1957 We live in “coyote central” and that’s a sound I have never gotten used to.,1454680977528143879,[],1166800874,LeonHWagner,"Los Angeles, CA",864,True,,
2021-10-31,04:47:42,"Be safe out there coyotes 🎃 ! 
#CoyoteRadio FG https://t.co/6wBvDE8yqs",1454671397062594562,['CoyoteRadio'],501125297,CoyoteRadioCSU,San Bernardino,1335,True,,
2021-10-31,03:13:43,"Badass cat.

Cat Chases Coyote Away From Family Home in Daring Video https://t.co/145OSh9jHW via @Yahoo",1454647744895668236,[],920515831393587201,WilkensJane,Los Angeles CA,989,False,,
2021-10-31,02:53:33,North Point HOA: Stop the North Pointe HOA from trapping and killing coyotes. - Sign the Petition! https://t.co/S7NOwdT5AQ via @Change,1454642672719708160,[],958108574718287872,Elizabe28958405,Near Pasadena CA,2383,True,,
2021-10-31,01:29:38,&lt;glyph of barfing coyote&gt; https://t.co/jTy4dC545g,1454621551756668928,[],842029626608123904,HNTurtledove,"Los Angeles, CA",17385,False,,
2021-10-31,00:21:33,"My biggest question in life is,,,, how did the coyote survive all those accidents!?? 👀🧐😂🤣 #loonytoons  #oldschoolcartoons https://t.co/W8PsL9u5Cg",1454604419866275843,"['loonytoons', 'oldschoolcartoons']",230776117,Vapinghippie,Placentia Ca.,642,False,,
2021-10-31,00:12:08,@luna__coyote My lil baby’s a shitter 😂😂,1454602050222772227,[],296076495,LeslieeCastle,Los Angeles,652,True,,
2021-10-30,23:33:49,D1 taking on Capistrano  Coyote.  Go Eagles 💛🦅💙 https://t.co/fLWXgcc2qJ,1454592408461529088,[],2258528928,SMEaglesHockey,"Rancho Santa Margarita, CA",697,True,,
2021-10-30,23:25:42,"@FlannelJedi @Doc_Coyote The fact there's reviews around makes me think a shipment came through, but additional shipments are probably locked in supply chain hell",1454590366372360193,[],28430996,biliousneko,"North Hollywood, Los Angeles",591,False,,
2021-10-30,23:05:23,@andrewjhumphrey haha - i actually really like that she wanted to bring her animals but the cabin is just not built for that and i'm worried the coyotes will eat her little friends on night 1,1454585250244280320,[],11699632,navidsafa,Los Angeles,819,True,,
2021-10-30,23:02:19,Had a coyote come into the backyard with 3 people and 2 dogs out there! The dogs chased it and it went over the fence into the yard behind ours #coyotesighting #valinda #carefuleveryone,1454584481180893184,"['coyotesighting', 'valinda', 'carefuleveryone']",1255697292394246144,Imfunsizeqt,"Valinda, CA",47,False,,
2021-10-30,22:32:10,"@Archergal I’ve tried that, but I’m not the howler I used tho be. I used to be able to get every coyote in the area going.",1454576890463735809,[],870794013560889344,TedRogersLA,"Los Angeles, CA",744,False,,
2021-10-30,22:20:54,@Doc_Coyote I SAW AND HAVE FRANK AND SONS AMBITIONS,1454574057580470272,[],28430996,biliousneko,"North Hollywood, Los Angeles",591,False,,
2021-10-30,22:16:05,@Doc_Coyote It’s the Best Ending for Strange tbh. I love it. I love him. Can we do a Guardians of the Multiverse TTRP thing one day pleeeaaase I can help but I mostly just want to play him so bad,1454572845028184064,[],28430996,biliousneko,"North Hollywood, Los Angeles",591,False,,
2021-10-30,21:24:52,Lunch at the iconic El Coyote in LA. It's where Sharon Tate and friends famously ate on a hot August night in 1969. This is their corner table. #elcoyote #losangeles #weekendinLA #California https://t.co/ymQzox34UG https://t.co/mCKXmKLjTd,1454559955843903490,"['elcoyote', 'losangeles', 'weekendinLA', 'California']",880140365696815107,Memory_Motl,,201,True,,
2021-10-30,21:21:35,@Carrion_Coyote Yeah. Unfulfilled is the word,1454559128655966216,[],855888157107269632,CorsacKs_Art,Ontario,316,False,,
2021-10-30,20:27:18,Cat Chases Coyote Away From Family Home in Daring Video https://t.co/DGnf9ALjrT via @Yahoo,1454545468399095815,[],77440334,buckinghamfount,"Paramount, CA",1077,False,,
2021-11-08,16:19:46,A coyote keeps an eye out near the reserve (Photo: Sicco Rood) https://t.co/LJWn6Mnncs,1457744667370422274,[],3313490756,AnzaBResearch,"Borrego Springs, CA",3761,False,,
2021-11-08,10:31:09,Personality Radio Lessons From Wile E. Coyote Generations of young people grew up with Looney Tunes. One of the highlights of https://t.co/fBXI8lfGU5 https://t.co/PaalAL09Sy,1457656931435307012,[],15139339,tracyjohnson,San Diego,2273,False,,
2021-11-08,05:58:09,@wholesome17qt1 @JackPosobiec 450k to every coyote per stolen child claimed to be lost,1457588229209686019,[],1324209037722832896,KickAssKasss,"San Diego, CA",98,False,,
2021-11-07,05:33:59,Weekly Howl Volume 12 - 📢 Check out what's happening at San Altos and see who this week's Coyote Fist Bump winner is! https://t.co/j6zwQRaHMg https://t.co/kayFRZunDg,1457219761020932098,[],766913083327385600,SanAltos_LGSD,"Lemon Grove, CA",109,True,,
2021-11-07,03:12:39,@JustShar88 I’ve speculated that the “coyotes” are the government for a long time. Everything seems to fit when you start with them as the runners.,1457184191246856193,[],281781436,CAS2328,"San Diego, Ca",1475,False,,
2021-11-07,02:45:32,@Realrclark25 Coyotes are way taller,1457177369051996160,[],17562609,R_Hall,"Oceanside, CA",59,True,,
2021-11-07,02:17:44,This kraken-coyotes game is awesome,1457170371845648388,[],390569526,Boneitisvictim,"San Diego, CA",37,True,,
2021-11-06,23:37:39,Am i excited to go see the coyotes in person tonight? Very much so. But I also would have been happy to to see USC. I forgot they were in PHX this weekend!,1457130088793706496,[],1037430229038379008,SquatchoSpotti1,"San Diego, CA",278,False,,
2021-11-06,23:34:52,@SomeHart Maybe a coyote that was playing with its prey?,1457129385203363840,[],1598078942,SeaJones120,"San Diego, CA",545,False,,
2021-11-06,19:27:24,@15TT20 @JeffGSpursZone Hey @15TT20 I think this one was custom made! Check the coyotes instagram. Maybe the person will start selling them 🤞😆,1457067111147180035,[],110347183,EvBec,San Diego,75,False,,
2021-11-06,17:11:35,@spittinchiclets Rick Nash Amazing Goal vs Phoenix Coyotes 2008 - Full Sequence (NHL Clas... https://t.co/CrWSj7XmwU via @YouTube,1457032928458788866,[],66785973,Stevey26,Okanagan BC Canada,417,True,,
2021-11-06,15:56:09,"Gus, Bailey &amp; Meika:”Life in OUR natural environment is full of perils. One moment we’re on a leisurely stroll and the next we’re a Coyote Sandwich. No wonder we love our Hoomans. You LOVE US and we LOVE YOU! Fifteen Thousand years have taught us a lot. Thanks for caring.” #pugs https://t.co/XUFaFD7SuJ",1457013948209774600,['pugs'],1416256288221106178,3Pugs1,"San Diego, CA",644,True,,
2021-11-06,14:49:22,"Calling Coyotes from all grades! What will YOUR future city look like? Imagine it. Design it. Build it!Awards in engineering design, artistic design, &amp; STEAM design! Register by Fri. Nov. 12th and get started right away! #CVESRocks #CanyonViewElementary #CVSTEAM #PowayUnified https://t.co/DOW1BP5V7p",1456997138282385409,"['CVESRocks', 'CanyonViewElementary', 'CVSTEAM', 'PowayUnified']",1027892966684209157,CoyotesCves,"San Diego, CA",160,False,,
2021-11-06,02:44:57,"@KierstenWarren If you talk to your cat, I think they come to ""understand"" the essence -- in this case, e.g., that you love her; that you understand she wants out; that there's danger out there. Same with our six. &amp; by the way, we did lose one to a coyote (2013). Might mention that to Ripley.",1456814835346272258,[],3395693368,truthtableJCT,"Solana Beach, CA",11142,False,,
2021-11-05,19:14:01,@tentacle_pup You don't need an AR unless it's 30-50 feral hogs 😂. There's got to be a better choice for sniping yotes! The coyotes around here keep a low profile &amp; we're lousy with rabbits so they don't bother chickens. Can't do Guinea hens because it's the suburbs.,1456701354634665985,[],493282573,andriedeja,"San Diego, California",766,False,,
2021-11-05,18:52:20,@savg_coyote @chargers @AustinEkeler Thanks man,1456695894607228930,[],1234637541728325632,ItzzSnooZe,"San Diego, CA",338,False,,
2021-11-05,17:43:28,"@CoastalPaleo @offshoreoddity @inaturalist @SDNHM @AMNH Thanks for both answers. A raccoon would be cooler than a cat :-). We don’t have too many cats in the area due to lots of Coyotes … but lots of raccoons… Cats do exist, though, and are at high risk for ending up as skeletons…",1456678564053467140,[],1239018005213802496,JesperSanDiego,"San Diego, CA",44,True,,
2021-11-05,03:02:32,@HNTurtledove This is so cool.  We don’t have foxes here. We have coyotes. And bobcats. And even mountain lions. No foxes. :/,1456456871003373568,[],272752346,gedamore,"San Marcos, CA",1220,True,,
2021-11-05,02:54:50,"S2 | No. 4 CSUSB 25 - CSUSM 20

The Coyotes take a 2-0 lead in the match. 

#Back2BleedingBlue",1456454932995842052,['Back2BleedingBlue'],2710289719,CSUSMVolleyball,"San Marcos, CA",592,True,,
2021-11-04,16:59:44,@ACMEdetonator Definitely a fan of Wile e coyote. He’s too adorable. https://t.co/rgsLyLYYWw,1456305172330651654,[],1397911153829838855,MarihDimitri40,"Carlsbad, CA",34,False,,
2021-11-04,16:04:09,"I just saw three coyotes pass my house and none of them looked like this. Though, perhaps that's a good thing. https://t.co/QFqm1sJZCG",1456291184792399873,[],53478948,palomarskies,"San Marcos, CA",1596,False,,
2021-11-04,07:26:49,"A word:
Peak, or where Wile E. Coyote orders his supplies",1456160993885573124,[],59392445,kevinedavis,San Diego,2921,True,,
2021-11-03,16:25:19,@sdhumane Update on the coyote?,1455934123726360582,[],414336243,CindyDeming,Solana Beach,33,True,,
2021-11-03,14:03:25,"A coyote that was crossing the street in San Marcos on Tuesday was hit by a car so hard that it became lodged in the front grill -- yet, believe it or not, the animal escaped without injuries. #DSC1015KGB #LoveYourShowDSC
https://t.co/R7HRdsVCYh",1455898413094948868,"['DSC1015KGB', 'LoveYourShowDSC']",167108276,TheDSCshow,"San Diego, CA",6500,True,,
2021-11-03,13:43:46,Coyote Rescued After Getting Lodged in Front Grill of Car https://t.co/HG4ZO5SPQj,1455893469218721800,[],146527747,KGBSanDiego,"San Diego, CA",10809,True,,
2021-11-03,11:27:14,@Hockey_Royalty The Coyotes are taking tanking to a new level with Jay Beagle as their #1 Center and icing one of the worst teams in recent NHL history. Hard for any of their couple of good players to fly like an eagle like this.,1455859107861127171,[],2660824777,chbmeredith,"Carlsbad, CA",511,True,,
2021-11-03,02:06:50,@Grimmy_Coyote they collectively need their ear tufts trimmed as well.,1455718077149040646,[],222276741,toffeetiger,"San Diego, CA",1581,True,,
2021-11-03,01:55:41,"Get a summary of the Arizona Coyotes vs. Philadelphia Flyers hockey game. https://t.co/daYI0UpIqi
via @ESPN App https://t.co/aoWPoUtVGo",1455715273529561092,[],1225222012844609537,Buddy64641,Not San Diego,46,False,,
2021-11-03,00:00:08,The Fall Fun Run Continues this Wed at the Coyote Bar and Grill in Downtown Carlsbad.  Come see So Cal's all star jam band live!  https://t.co/ajwumPjTcp,1455686194675732480,[],376367462,ritchielipson,leucadia ca,52,False,,
2021-11-02,18:41:16,@savg_coyote @boltupnick Ratio,1455605948597170181,[],963537563129585664,julianbolt55,"San Diego, CA",558,False,,
2021-11-02,18:00:17,San Diego Humane Society caring for coyote rescued from car bumper in San Marcos https://t.co/l1rE381UNZ,1455595633151184897,[],895383271852437504,LaMesaSanDiego,"La Mesa, CA",261,False,,
2021-11-02,16:01:04,San Diego Humane Society caring for coyote rescued from car bumper in San Marcos https://t.co/ga5msPQB65,1455565633316343817,[],14576841,News8,"San Diego, CA",87677,False,,
2021-11-02,16:00:16,A coyote is being cared for by the San Diego Humane Society after it was hit by a car and trapped in the front grill on Monday in San Marcos. The animal was rushed to the shelter's Wildlife Center in Ramona.  https://t.co/PnBjP7D2IG,1455565432501440514,[],27745484,CBS8,"San Diego, CA",155216,True,,
2021-11-01,22:09:07,Oh no! I played this and my dogs went bonkers! We have a pack of coyotes in the canyon behind me. Pretty sure that’s what was howling. 🤣 https://t.co/KgegI8ZqAu,1455295868811112452,[],1308872856567070720,colmom1,"Vista, CA",103,False,,
2021-11-01,20:06:18,"#SanMarcosCoyoteRescue (2/2) Initial x-rays of the coyote who was hit by a car and taken to our Ramona Wildlife Center did not reveal any fractures. She has been treated for shock, given fluids &amp; pain medication, and is under observation. https://t.co/YAGNlk25fO",1455264959445684227,['SanMarcosCoyoteRescue'],21230848,sdhumane,"San Diego, CA",14110,True,,
2021-11-01,18:45:45,@rich_roberts @HaSeongsRim Have we ruled out the possibility that a coyote stole it?,1455244687342641152,[],131884083,woedoctor,"San Diego, CA",2243,True,,
2021-11-01,18:00:26,The Fall Fun Run Continues this Wed at the Coyote Bar and Grill in Downtown Carlsbad.  Come see So Cal's all star jam band live!  https://t.co/ajwumPjTcp,1455233285232250884,[],376367462,ritchielipson,leucadia ca,52,False,,
2021-11-01,05:56:16,@AndyCole1984 Sorry just feeding the coyotes.,1455051041343369222,[],196288518,natejstirling,BC Canada,83,False,,
2021-11-01,04:00:17,#SuccessionHBO tonight was like the coyote who chews off 3 legs and is still caught in the trap! https://t.co/a1KH6qHi49,1455021852594618373,['SuccessionHBO'],31288364,CrusePhoto,"Vista, California",13321,False,,
2021-11-01,01:36:31,"Dude, there’s all these coyotes howling outside right now. It’s 6:30?!!!",1454985673157476354,[],431828202,alyssakiras,"San Diego, CA",240,True,,
2021-10-31,20:29:40,The whole cartoon characters getting devoured in Pibby gives me flashbacks to my earliest childhood nightmare where Calamity Coyote got clubbed to death by an ogre in a minecart. That nightmare fucked me up pretty bad.,1454908453311287307,[],1316878374309036032,CTermites,"San Diego, CA",56,False,,
2021-10-31,19:18:39,"If Wile E. Coyote could afford to buy all those roller coasters and TNT from Acme, why didn't he just go to KFC and buy a chicken?",1454890581029646340,[],93101693,namaferd,BC Canada,12343,False,,
2021-10-31,06:05:37,Weekly Howl Volume 1.11 - 📢 Check out what's happening at San Altos and see who this week's Coyote Fist Bump winner is! https://t.co/kLD7evnPCl https://t.co/5Rwmb4JSS1,1454691007606321157,[],766913083327385600,SanAltos_LGSD,"Lemon Grove, CA",109,True,,
2021-10-31,05:35:14,@GirlWhoBets And Hurricanes -1.5. Coyotes are bottom tier and Carolina is a wagon.,1454683360043802625,[],1064288577582968832,_hunchojake,"San Diego, CA",53,True,,
