tweet_id,tweet,revelant,sighting,lost_pet,coyote_death,eating,pet_coyote_interaction,traffic,howling
145595249567134.0,@OnlineAlison Several comments later‚Ä¶ ‚ÄúI feed the coyotes!‚Äù,1.0,0.0,0.0,0.0,0.0,0.0,0.0,0.0
145595192633232.0,@johnlevenstein If we hadn‚Äôt defunded police there wouldn‚Äôt be so many coyotes!!!!!!!,0.0,0.0,0.0,0.0,0.0,0.0,0.0,0.0
145593313385383.0,@TheOGpianoGeek That her COYOTE dues are late...,0.0,0.0,0.0,0.0,0.0,0.0,0.0,0.0
145593204289461.0,"Hey Coyotes! There is a virtual PFC meeting next Wednesday, November 10th at 9:00 am. You don't wanna miss it.  Click here for the Zoom link:  https://t.co/2t8f4T7c9W or go to our website. #coyotepride #CHSPFC https://t.co/HDtuuiKqou",0.0,0.0,0.0,0.0,0.0,0.0,0.0,0.0
145593000258365.0,"@DunkaPeacecraft The Dems have been in power for a year, they've done nothing with it and thus have nothing to campaign on so they're forced to pull stunts like this that are sure to blow up in their face Wile E Coyote style.",0.0,0.0,0.0,0.0,0.0,0.0,0.0,0.0
145592821924123.0,Hey Coyotes! Here are this week's events! #coyotepride #lvusd https://t.co/H8byvB3hTT,0.0,0.0,0.0,0.0,0.0,0.0,0.0,0.0
145592688148478.0,"Hey Coyotes! Next week we do not have school on Thursday, November 11th. Please plan accordingly. https://t.co/10i9f7G6Lg",0.0,0.0,0.0,0.0,0.0,0.0,0.0,0.0
145592238448188.0,"my poem ‚ÄúBaja‚Äù whale bones in the desert, coyotes in the sea - If I‚Äôm not back within six weeks please don‚Äôt rescue me https://t.co/CZD93niYhy",0.0,0.0,0.0,0.0,0.0,0.0,0.0,0.0
145590049984106.0,Coyotes @ Flyers 11/2/21 | NHL Highlights - NHL https://t.co/guP6XqeCQE,0.0,0.0,0.0,0.0,0.0,0.0,0.0,0.0
145585521619312.0,This sign messaging is excellent.  New coyote warning signs being erected in Richmond https://t.co/18PAen4nFU via @TheRichmondNews,0.0,0.0,0.0,0.0,0.0,0.0,0.0,0.0
145581828489345.0,@kirst_alyssa Move the coyotes to Quebec where they will do better,0.0,0.0,0.0,0.0,0.0,0.0,0.0,0.0
145575204823475.0,I JUST WATCHED A COUPLE LEAVE THEIR CRIB FOR A WALK AND GOT FOLLOWED BY 2 COYOTES LIKE RIGHT IN THEIR TRACKS LMFAOOOOL,1.0,1.0,0.0,0.0,0.0,0.0,0.0,0.0
145574934128132.0,"Me: screams, ‚Äúomg look at the sun setting it‚Äôs so pretty!‚Äù BF: no I can‚Äôt look, I‚Äôm driving and there are wild animals like rabbits and coyotes. Me: the sun is still out there are no coyotes!!!! 13 seconds later BF: look! A coyote!!!!! Wtf?!? Why was it out in the day?!?",1.0,1.0,0.0,0.0,0.0,0.0,0.0,0.0
145574454818591.0,@dee_coyote I am causing problems on purpose.,0.0,0.0,0.0,0.0,0.0,0.0,0.0,0.0
145573787325722.0,Had a short but nice reset at Big Bear for a few days. I also had to call my husband to pick us up down the street because a big coyote was running down the street as I was walking my reactive pup. Did I run into someone‚Äôs yard to wait? Sure did. It‚Äôs all rentals &amp; it was dusk,1.0,1.0,0.0,0.0,0.0,0.0,0.0,0.0
145573756287034.0,"@tagaq Saw a group of about five coyotes today walking down the street, definitely hanging out.",1.0,1.0,0.0,0.0,0.0,0.0,0.0,0.0
145572092025800.0,"@Davidlaz And yes, sometimes prey is prey. My feline best friend was snatched by a coyote. I choose to remember her ""cross animal"" connections.",1.0,0.0,1.0,0.0,0.0,0.0,0.0,0.0
145570585454465.0,"Coyotes Football Playoff Tickets on sale now, online only.    This Friday, November 5, 2021 at Indian Springs  High School vs Verbum Dei.  7:00pm Kickoff. GO COYOTES! https://t.co/fTKqtY9ES0",0.0,0.0,0.0,0.0,0.0,0.0,0.0,0.0
145570467909503.0,@Southernvaper1 This is what I mean by playing with Eli. He never actually bit me. No pain. Just blood and stains on my shirts. But Eli has killed a coyote with a single bite to the neck. He is a badass dog. I love playing with him. It always ends with Eli on his back &amp; me rubbing his belly. https://t.co/ID8YPw2qGF,1.0,0.0,0.0,1.0,0.0,0.0,0.0,0.0
145570107111704.0,Aaaannnnddd The Lady Coyotes Win....11-7 over La Quinta today in the CIF Wildcard Round.  Tomorrow The Ladies travel to San Dimas for their match at 2pm @ Indian Springs High School https://t.co/PGKfoaoAJP,0.0,0.0,0.0,0.0,0.0,0.0,0.0,0.0
145569530475009.0,"Yes, and for coyotes.   These animals are as part of America as anything.   https://t.co/W1lk3ZJjvY",0.0,0.0,0.0,0.0,0.0,0.0,0.0,0.0
145569367481421.0,Attention Coyote CCP Elective students! The Achieve 3000 Fall Reading Challenge begins soon. https://t.co/vtCU2hKYEK,0.0,0.0,0.0,0.0,0.0,0.0,0.0,0.0
145569112714774.0,i'm gonna pull for Thoma as soon as i get home  if i get Hu Tao i will lay in the orange grove out back and wait for the coyotes to come eat me,0.0,0.0,0.0,0.0,0.0,0.0,0.0,0.0
145568621232530.0,@yotestradecen @PHNX_Coyotes Agree to disagree with you on this one.,0.0,0.0,0.0,0.0,0.0,0.0,0.0,0.0
145568492306329.0,@PHNX_Coyotes Melker Karlsson of SJ is the Melk Man. We‚Äôre not stealing someone else‚Äôs nickname.,0.0,0.0,0.0,0.0,0.0,0.0,0.0,0.0
145567226539207.0,"The CSUSB 2021 Festival de Calaveras will be hosted by the Robert and Frances Fullerton Museum of Art (RAFFMA) on Saturday, Nov. 6 from 11 am - 4 pm.   Coyote Radio will be in attendance with prizes, giveaways, and playing local bands!   @RAFFMAcsusb @CSUSBALFSS @ALFSSCSUSB https://t.co/HfBc7hYC05",0.0,0.0,0.0,0.0,0.0,0.0,0.0,0.0
145566127631575.0,"To the guy that I saw in the Selanne Mighty Ducks jersey at the Flyers Coyotes game, sup?!?",0.0,0.0,0.0,0.0,0.0,0.0,0.0,0.0
145564825740145.0,"We are pleased to introduce the @KuceraCoyotes' brand new esports lab, a first of its kind in the RUSD!  Kucera MS launched its state-of-the-art lab with a grand opening ceremony today. The Coyote students were eager to walk through the doors and start gaming! üéÆüñ•Ô∏è https://t.co/419kACDumz",0.0,0.0,0.0,0.0,0.0,0.0,0.0,0.0
145564641304021.0,@Southernvaper1 Eli is very big. His head is above my waist. And he turns heads wherever we go. Very friendly. But has killed a coyote with a single bite to the neck. Good companion.,1.0,0.0,0.0,1.0,0.0,0.0,0.0,0.0
145560977060646.0,"Heads up folks, probably won't be that active during the Ducks game seeing as I will be at the Flyers Coyotes game tonight!",0.0,0.0,0.0,0.0,0.0,0.0,0.0,0.0
145558848246254.0,@Coyote_Prettyy That man gets by on luck alone,0.0,0.0,0.0,0.0,0.0,0.0,0.0,0.0
145558621417455.0,tapped in wit Wes for when I touch down cause niggas said it won‚Äôt none of the long distance ranges round the way like how Angeles one is out Sylmar niggas hunting coyotes and using his land instead a lil pass Augusta still able to spin back into Atlanta no problem.,0.0,0.0,0.0,0.0,0.0,0.0,0.0,0.0
145557409953584.0,From Great Pyrenees Customer  Bren and Jeff C  Maggie is a big girl. Scared her first coyote away at 4 months. We praised her very much. We were right there with her with our chihuahuas https://t.co/PKK7ijKyog,1.0,0.0,0.0,0.0,0.0,0.0,0.0,0.0
145556656739617.0,@kilokamilo @_jpow @SiriusToken @DavidDo74603299 Varmint control. Use it for coyote and boar.,0.0,0.0,0.0,0.0,0.0,0.0,0.0,0.0
145556091818037.0,@asaprajy @TheRewatchables @BillSimmons @ChrisRyan77 I dunno. Michael Mann is the one director who consistently makes his movies worse when talking about them. At a screening in Oct he revealed the coyote scene in Collateral was produced and not an accident. COME ON dude! Everyone thought that was such a cool story. Now its gone.,0.0,0.0,0.0,0.0,0.0,0.0,0.0,0.0
145556088731451.0,Our first TRANSFER Orientation is today and we can‚Äôt wait! Welcome to our new Spring 2022 Coyotes! üê∫ü§üüèº #CSUSBOrientation #WelcomeToThePack,0.0,0.0,0.0,0.0,0.0,0.0,0.0,0.0
145546653469701.0,@MrcoLeK @Wiley_Coyote_G lmaoo im bouta bxb you both üíØ‚ù§Ô∏è,0.0,0.0,0.0,0.0,0.0,0.0,0.0,0.0
145541285197208.0,the los feliz coyotes are OUT tonight,1.0,0.0,0.0,0.0,0.0,0.0,0.0,0.0
145541192425487.0,Coyote revolution has begun btw,0.0,0.0,0.0,0.0,0.0,0.0,0.0,0.0
145539663875994.0,"@myBurbankNEWS Sounds like same 1 I've been seeing off Alameda &amp; Main, then off Verdugo &amp; Victory. Are we supposed 2 contact Animal Control when we see 1? I've avoided Griffith Park Mineral Wells area since coyote charged at me w/ med size dog a month ago. Luckily car nearby honked 2 scare it.",1.0,1.0,0.0,0.0,0.0,0.0,0.0,0.0
145539617432464.0,@brody_coyote @BobbyBoyRecords @defjam Thank you Brody,0.0,0.0,0.0,0.0,0.0,0.0,0.0,0.0
145538362674125.0,@oxojesss @MiguelMvrtinez On god wasn‚Äôt the migra gonna take him for djing for the coyote ?,0.0,0.0,0.0,0.0,0.0,0.0,0.0,0.0
145537475378348.0,@brody_coyote @BobbyBoyRecords Let‚Äôs goooo bro!!!,0.0,0.0,0.0,0.0,0.0,0.0,0.0,0.0
145536172464794.0,@yeenyboi Need Coyote and Yeen pictures sometime ‚ù§,0.0,0.0,0.0,0.0,0.0,0.0,0.0,0.0
145536149243011.0,Before the coyote sighting.  #üò≥ https://t.co/5m2HgvidbT,1.0,1.0,0.0,0.0,0.0,0.0,0.0,0.0
145535688794008.0,"Hmmm, to post or not to post coyote pictures? ü§î",0.0,0.0,0.0,0.0,0.0,0.0,0.0,0.0
145535173745633.0,"So sad. Greedy developers destroying wild areas. No need to develop further into the canyons and foothills. Greedy developers destroying deer, mountain lion, and coyote habitat.  There is plenty of developable land in the valleys and urban areas. üò°üò¢üê∫ü¶åü¶Öü¶â #optoutside #nature https://t.co/qXJT0MoEy6",1.0,0.0,0.0,0.0,0.0,0.0,0.0,0.0
145534466405206.0,"@CrytzerFry Fortunately, many wild animals are (as you know better than most) amazingly adaptable &amp; resilient ‚Äî I love that coyotes find a way despite the despicable behavior of despicable humans. So happy for you &amp; Tripawd! ‚ù§Ô∏è",0.0,0.0,0.0,0.0,0.0,0.0,0.0,0.0
145532944523388.0,$tsla is the Road Runner.  FUD is the coyote. https://t.co/gUaRpQqKri,0.0,0.0,0.0,0.0,0.0,0.0,0.0,0.0
145531826581984.0,"@LAmeekly B√°nh m√¨, mountains, enclaves within enclaves, parks, pubs, buses, coyotes, swap meets, theaters, plastic food displays, pumas, architecture, ""ethnic"" malls, museums, folk art, pupusas, bears, revival cinemas, islands...basically everything except the sunshine, slebs, and cars.",0.0,0.0,0.0,0.0,0.0,0.0,0.0,0.0
145531662476912.0,"I also grabbed a pair of scissors that were in there for safety. When I was finally able to step out of the car and out of the sand I found the town had been destroyed and there was angry coyotes approaching me, some of them were feeding on the other bodies that didn‚Äôt make it",0.0,0.0,0.0,0.0,0.0,0.0,0.0,0.0
145531047819696.0,"@healthyheating I know this is a dumb reference, but I've loved watching my many dogs over the years putting their snouts up in the air to sample the drift. Off the breeze, coyote nearby? Or the waft of some dog in a car that just drove by. They're sniffing the tiny particles drifting by.",0.0,0.0,0.0,0.0,0.0,0.0,0.0,0.0
145530119356392.0,Please visit our website https://t.co/a5OWf3PsSb for an update from Superintendent Martinez.,0.0,0.0,0.0,0.0,0.0,0.0,0.0,0.0
145529642660746.0,@myBurbankNEWS Saturday I saw a coyote comfortably snacking on a squirrel around Pass and Verdugo on a front lawn.,1.0,0.0,0.0,0.0,1.0,0.0,0.0,0.0
145529431053497.0,Report by Burbank PD of a coyote running around the area of Beachwood and Oak - watch your pets if you are in the area - Animal Shelter has been dispatched,1.0,1.0,0.0,0.0,0.0,0.0,0.0,0.0
145528257024604.0,look at this big ass coyote Rosie &amp; I saw this morning üò≥ https://t.co/2g5qtqvHnb,1.0,1.0,0.0,0.0,0.0,0.0,0.0,0.0
145525547201386.0,There was a coyote in my backyard this morning. Why? üò≠,1.0,1.0,0.0,0.0,0.0,0.0,0.0,0.0
145525456636304.0,"@savg_coyote @GACPodcast17 That ain't sarcasm, that's just a random ass statement.",0.0,0.0,0.0,0.0,0.0,0.0,0.0,0.0
145525233202785.0,@ibookery @drkiki @padresj Right! Someone else made the Wile E. Coyote connection. It's a very odd decision.,0.0,0.0,0.0,0.0,0.0,0.0,0.0,0.0
145524823975048.0,@twistedleafs I don't understand how he can go on any platform and tell him what the Blackhawks did isn't as bad as what the Coyotes it Devils did,0.0,0.0,0.0,0.0,0.0,0.0,0.0,0.0
145520139367806.0,"Not a metaphor, a literal coyote brushed against my leg last night",1.0,1.0,0.0,0.0,0.0,0.0,0.0,0.0
145514241567787.0,"Visiting dog (the coyote one) started barking at 4 A.M. so I got up and let him out long with the other dogs. They didn't go out &amp; start barking, thank goodness. But when I'm up, I'm up",0.0,0.0,0.0,0.0,0.0,0.0,0.0,0.0
145507154266931.0,2/ We know that a Bobcat and Coyotes have been around the house because we‚Äôve seen them on the outside cameras. One even came by to drink water at 12:45 p.m. in the afternoon a couple of days ago.  We always had that worry that she was vulnerable.,1.0,1.0,0.0,0.0,1.0,0.0,0.0,0.0
145504920912876.0,A coyote ran across out path while we were out exploring our neighborhood and I'd like to think that's a positive omen of some kind,1.0,1.0,0.0,0.0,0.0,0.0,0.0,0.0
145504305109351.0,"@jabbafanclub @Nextdoor @bestofnextdoor And then you always see the follow up a few days later where they're all ""aww my poor baby got eaten by coyotes"" like oh no if only there was something you could've done to make that never happen, such as uhh not leaving your pet outside to be eaten by coyotes #weird",1.0,0.0,1.0,0.0,0.0,0.0,0.0,0.0
145504263140732.0,"@jabbafanclub People on @nextdoor be like ""ah fuck my outdoor cat/small dog is missing üò≠üò≠üò≠ OMG what could've happened pls help"" a pack of coyotes ate it you dumb bastard do you even know where you live RN @bestofnextdoor #nextdoor",1.0,0.0,1.0,0.0,1.0,0.0,0.0,0.0
145501022413003.0,Coyote and bobcat caught on camera https://t.co/FcLZZG6JQX #trending,1.0,1.0,0.0,0.0,0.0,0.0,0.0,0.0
145500804513879.0,@Joe_Schmucc This is about to be you going back and forth with that coyote lol https://t.co/f4wepou7KR,0.0,0.0,0.0,0.0,0.0,0.0,0.0,0.0
145495392356809.0,Now Playing:  Coyote by Joni Mitchell on https://t.co/NX6Q0NVj7f https://t.co/e30CeEMeN3,0.0,0.0,0.0,0.0,0.0,0.0,0.0,0.0
145490313604114.0,"@mikepompeo Wow, $450,000? I walked up #VanNuys Blvd. the other day &amp; saw just the opposite.  #ILLEGALimmigrants #enslaved while being #berated by those awful #coyotes.",0.0,0.0,0.0,0.0,0.0,0.0,0.0,0.0
145488930021084.0,@Doc_Coyote Makes sense to me,0.0,0.0,0.0,0.0,0.0,0.0,0.0,0.0
145488537203542.0,@ai6yrham It says they adopted the coyote and it learned to play with the cat. But would like to hear an update few years later.,0.0,0.0,0.0,0.0,0.0,0.0,0.0,0.0
145487859702651.0,"@dr_earthquake This may be even more specific than that. Only in Southern California? LA County? The San Gabriel Valley? The specific combination of busy street traffic, wild peacocks and coyotes?",1.0,0.0,0.0,0.0,0.0,0.0,0.0,0.0
145484751058171.0,Oh my god. There was just a traffic jam on California Blvd in front of our house because a peacock was chasing a coyote down the middle of the street. I swear I‚Äôm not making this up!,1.0,1.0,0.0,0.0,0.0,0.0,0.0,0.0
145484263412865.0,Thank you @ReporterDawn for great reporting and @TOAcornNews for putting it on the front page!  Tragic.  Coyotes are highly intelligent and just trying to survive.  Keep small pets indoors! Thanks also to @COSFoundation for your advocacy on this issue!üëèüëè https://t.co/PMMhJzFy5E,1.0,0.0,0.0,0.0,0.0,0.0,0.0,0.0
145484147787224.0,"Had to stop someone in my support group referring to coyotes as ""puppers.""  Intersectional mental health means sometimes getting furries who want to anthropomorphize animals as a coping mechanism for their own dysregulated emotion and behavior.",0.0,0.0,0.0,0.0,0.0,0.0,0.0,0.0
145483894164378.0,Doorbell Camera Catches Cat Named Kevin Boldly Chasing Coyote Away from Owner's Portland Home https://t.co/KaLzENxT1L,1.0,0.0,0.0,0.0,0.0,1.0,0.0,0.0
145483296208036.0,@brody_coyote Oooh what did you notice bro,0.0,0.0,0.0,0.0,0.0,0.0,0.0,0.0
145468097752814.0,@rosiegirl1957 We live in ‚Äúcoyote central‚Äù and that‚Äôs a sound I have never gotten used to.,0.0,0.0,0.0,0.0,0.0,0.0,0.0,0.0
145467139706259.0,Be safe out there coyotes üéÉ !  #CoyoteRadio FG https://t.co/6wBvDE8yqs,0.0,0.0,0.0,0.0,0.0,0.0,0.0,0.0
145464774489566.0,Badass cat.  Cat Chases Coyote Away From Family Home in Daring Video https://t.co/145OSh9jHW via @Yahoo,1.0,0.0,0.0,0.0,0.0,1.0,0.0,0.0
145464267271970.0,North Point HOA: Stop the North Pointe HOA from trapping and killing coyotes. - Sign the Petition! https://t.co/S7NOwdT5AQ via @Change,1.0,0.0,0.0,0.0,0.0,0.0,0.0,0.0
145462155175666.0,&lt;glyph of barfing coyote&gt; https://t.co/jTy4dC545g,0.0,0.0,0.0,0.0,0.0,0.0,0.0,0.0
145460441986627.0,"My biggest question in life is,,,, how did the coyote survive all those accidents!?? üëÄüßêüòÇü§£ #loonytoons  #oldschoolcartoons https://t.co/W8PsL9u5Cg",0.0,0.0,0.0,0.0,0.0,0.0,0.0,0.0
145460205022277.0,@luna__coyote My lil baby‚Äôs a shitter üòÇüòÇ,0.0,0.0,0.0,0.0,0.0,0.0,0.0,0.0
145459240846152.0,D1 taking on Capistrano  Coyote.  Go Eagles üíõü¶Öüíô https://t.co/fLWXgcc2qJ,0.0,0.0,0.0,0.0,0.0,0.0,0.0,0.0
145459036637236.0,"@FlannelJedi @Doc_Coyote The fact there's reviews around makes me think a shipment came through, but additional shipments are probably locked in supply chain hell",0.0,0.0,0.0,0.0,0.0,0.0,0.0,0.0
145458525024428.0,@andrewjhumphrey haha - i actually really like that she wanted to bring her animals but the cabin is just not built for that and i'm worried the coyotes will eat her little friends on night 1,0.0,0.0,0.0,0.0,0.0,0.0,0.0,0.0
145458448118089.0,Had a coyote come into the backyard with 3 people and 2 dogs out there! The dogs chased it and it went over the fence into the yard behind ours #coyotesighting #valinda #carefuleveryone,1.0,1.0,0.0,0.0,0.0,1.0,0.0,0.0
145457689046373.0,"@Archergal I‚Äôve tried that, but I‚Äôm not the howler I used tho be. I used to be able to get every coyote in the area going.",0.0,0.0,0.0,0.0,0.0,0.0,0.0,0.0
145457405758047.0,@Doc_Coyote I SAW AND HAVE FRANK AND SONS AMBITIONS,0.0,0.0,0.0,0.0,0.0,0.0,0.0,0.0
145457284502818.0,@Doc_Coyote It‚Äôs the Best Ending for Strange tbh. I love it. I love him. Can we do a Guardians of the Multiverse TTRP thing one day pleeeaaase I can help but I mostly just want to play him so bad,0.0,0.0,0.0,0.0,0.0,0.0,0.0,0.0
145455995584390.0,Lunch at the iconic El Coyote in LA. It's where Sharon Tate and friends famously ate on a hot August night in 1969. This is their corner table. #elcoyote #losangeles #weekendinLA #California https://t.co/ymQzox34UG https://t.co/mCKXmKLjTd,0.0,0.0,0.0,0.0,0.0,0.0,0.0,0.0
145455912865596.0,@Carrion_Coyote Yeah. Unfulfilled is the word,0.0,0.0,0.0,0.0,0.0,0.0,0.0,0.0
145454546839909.0,Cat Chases Coyote Away From Family Home in Daring Video https://t.co/DGnf9ALjrT via @Yahoo,1.0,0.0,0.0,0.0,0.0,1.0,0.0,0.0
145453516192042.0,"We apparently have a non ‚Äúaroo‚Äù corgi. Sienna used to howl at sirens, but Tazzy hasn‚Äôt howled at all. I‚Äôve taken to playing recordings of coyote howls to encourage her, but to no avail. https://t.co/p1sEb2oiQK",0.0,0.0,0.0,0.0,0.0,0.0,0.0,0.0
145453215866462.0,"Cal State LA took the first match on Friday, but again fell to the conference leading Coyotes in San Bernardino. https://t.co/km9AiUj1Br",0.0,0.0,0.0,0.0,0.0,0.0,0.0,0.0
145451376571464.0,@HonkIfUrHoary It's difficult to tell. I'm tempted to say not a coyote.,0.0,0.0,0.0,0.0,0.0,0.0,0.0,0.0
145450980899692.0,Wife's only coming back with two other dogs. June stayed in Texas. We got Midnight (Coyote dog) and Cooper (some kind of cow dog that can eat though anything). Max will have playmates for about 6 months maybe,0.0,0.0,0.0,0.0,0.0,0.0,0.0,0.0
145449308299339.0,"@Chicane_Coyote Hell yeah dude, that‚Äôs lookin wild~   Enjoy your breakfast!",0.0,0.0,0.0,0.0,0.0,0.0,0.0,0.0
145448529017366.0,Paying those who break the law for ‚Äútrauma‚Äù whilst committing the crime. I-N-S-A-N-E.  Bear in mind that familes ‚Äúsell‚Äù their kids to ‚ÄúCoyotes‚Äù(human traffickers) regularly.  White House in talks to pay millions to families separated at border https://t.co/FEgUVK4AOR,0.0,0.0,0.0,0.0,0.0,0.0,0.0,0.0
145448272980276.0,@ring Its a shame ring is in the business of coyotes but any criminal action or men threatening to fight everyone including women at dog park gets taken down but you keep posting about coyotes. I post about mail thieves and threats but i get taken down,0.0,0.0,0.0,0.0,0.0,0.0,0.0,0.0
145446800776221.0,It's almost time for #CoyoteCreekChristmas. See the photos - https://t.co/w5gP6O6muU https://t.co/cSmG5AjvFY,0.0,0.0,0.0,0.0,0.0,0.0,0.0,0.0
145439898794405.0,"A Phoenix couple caught their cat chasing away a coyote from their home early in the morning and it was all captured on their security camera. ""Lucky, spunky cat.""  https://t.co/9CgTd7O8rG",1.0,0.0,0.0,0.0,0.0,0.0,0.0,0.0
145438977396828.0,pretty sure i hear a coyote howling. üò≥,1.0,0.0,0.0,0.0,0.0,0.0,0.0,1.0
145435252718970.0,bruh i was this close ü§èüèª to hitting a coyote on my drive home just now,1.0,0.0,0.0,0.0,0.0,0.0,1.0,0.0
145433947017874.0,Filming outside and the coyotes are howling and what not.,1.0,0.0,0.0,0.0,0.0,0.0,0.0,1.0
145432152458903.0,"@nevslin We have a few that walk a path on the other side of my street every night.  Once evening a few weeks ago, I heard barking for a long time - went out and it was one of those coyotes sitting on a rock just yapping for no apparent reason.  They actually are quite pretty.",1.0,1.0,0.0,0.0,0.0,0.0,0.0,1.0
145430934989185.0,@danielleradford This makes Ripley sound like a more successful Wile E Coyote,0.0,0.0,0.0,0.0,0.0,0.0,0.0,0.0
145428587014445.0,. @jackieemma91: I‚Äôve had the worst drive Coyote: bet!  *Coyote runs across the highway*,1.0,1.0,0.0,0.0,0.0,0.0,1.0,0.0
145427440565222.0,"A Phoenix couple caught their cat chasing away a coyote from their home early in the morning and it was all captured on their security camera. ""Lucky, spunky cat.""  https://t.co/8bnfBWc677",1.0,0.0,0.0,0.0,0.0,0.0,0.0,0.0
145427214448178.0,Apparently these are the Coyotes goalies. But they also could be made up. https://t.co/OzW7OsW26e,0.0,0.0,0.0,0.0,0.0,0.0,0.0,0.0
145426758522722.0,@zark_101 @FeistyPK2 I hope not otherwise I‚Äôm throwing  that doll to the coyotesüòÇüòÇ he‚Äôs actually making Chuckie the doll look goodüòÇ,0.0,0.0,0.0,0.0,0.0,0.0,0.0,0.0
145426744612305.0,people living in fox hills complaining about coyotes‚Ä¶y‚Äôall thought it was named fox hills just for fun?,1.0,0.0,0.0,0.0,0.0,0.0,0.0,0.0
145426714255611.0,"@LongHairNasaGuy @cirquelar @aussiastronomer Ok good to know. I‚Äôm not worried about coyotes- she‚Äôll chase them too but they‚Äôre more likely to just bounce than attack a dog. Being smallish, bobcats may be similar? I suppose I‚Äôll find out haha",1.0,0.0,0.0,0.0,0.0,0.0,0.0,0.0
145424135796746.0,@highschooharry 1 with the coyotes,0.0,0.0,0.0,0.0,0.0,0.0,0.0,0.0
145423126608210.0,"""Hunting is not a sport. In a sport, both sides should know they're in the game.""  - Paul Rodriguez  Stay safe. Be strong. Most of all be kind. Have a peaceful weekend friends. üì∑ Eastern #coyote siblings enjoying a family cuddle and grooming moment. #onpoli #biodiversity #love https://t.co/m8Rv2gGcHI",0.0,0.0,0.0,0.0,0.0,0.0,0.0,0.0
145423118328641.0,@Arclight_Snep @manedwolfy @Furytheoddity @DUNE_COYOTE Mmm coulda been more toppings going on but next time right?,0.0,0.0,0.0,0.0,0.0,0.0,0.0,0.0
145421524803494.0,"#ThousandOaks, Enjoy Living in a Community Surrounded by Open Space Shared w/#Wildlife?  Plz join me in signing a petition urging the North Point HOA to stop trapping &amp; killing #coyotes:   https://t.co/qXRKGVdxQd  #ConejoValley #nature #outdoors #animals #hiking https://t.co/x4ZuM4hyPC",0.0,0.0,0.0,0.0,0.0,0.0,0.0,0.0
145420161781370.0,Please enjoy The STEAM Pumpkin Challenge Video https://t.co/WGuPAY3DHS @ocdestem https://t.co/YIiX1TCzOZ,0.0,0.0,0.0,0.0,0.0,0.0,0.0,0.0
145419607157639.0,"‚ùï 15 days ‚ùï  Register today before it‚Äôs too late!   If you are a Fall 2021 Grad, use your MyCoyote Portal. If you are a past Grad, please use the link in your email to register   #CSUSB #Coyote #CSUSBGrad #Commencement https://t.co/Bg7fsaE4aH",0.0,0.0,0.0,0.0,0.0,0.0,0.0,0.0
145419004995681.0,@CityGardenGrove Wow. Traffic is out of control. Trash is everywhere. Plastic polluting our cities and oceans but yet coyotes who have been living here for millennia are a problem? Priorities...,1.0,0.0,0.0,0.0,0.0,0.0,0.0,0.0
145417746795078.0,Books: Peter Coyote‚Äôs ‚ÄúTongue of a Crow‚Äù #poetry #books #reviews #PeterCoyote #SanFrancisco #RobertDuncan #BrendaHillman #PatrickDonnelly   https://t.co/ZpbWUoEmT9,0.0,0.0,0.0,0.0,0.0,0.0,0.0,0.0
145417435160807.0,"Looks like TNT has a west-coast NHL game every Wednesday after wrasslin (AEW). That's a pretty cool lead in - miles better than anything that was going on before NBCSN had games on. Unfortunately, in two weeks they're featuring a Coyotes game üò¨",0.0,0.0,0.0,0.0,0.0,0.0,0.0,0.0
145415997884814.0,"Unfortunately roadkill has increased this year, especially deer and coyotes. Please drive safely through and adjacent to wildlife preserves. Photo: captured by wildlife cam on 10/14/21 8:52am. #powdercanyon #environmentalstewardship https://t.co/MKiOz1BAqK",1.0,0.0,0.0,1.0,0.0,0.0,1.0,0.0
145415912636020.0,@Doctor_Red_Fox There would be truly nothing worse then a coyote losing their blubbery frame!,0.0,0.0,0.0,0.0,0.0,0.0,0.0,0.0
145414419356408.0,@luna__coyote You got this good luck!!,0.0,0.0,0.0,0.0,0.0,0.0,0.0,0.0
145414214585870.0,@lc_coyotes I had so much fun!  Our @lc_coyotes Kindergarten scholars are amazing listeners!!,0.0,0.0,0.0,0.0,0.0,0.0,0.0,0.0
145413336866524.0,"@xianleonard Dome, helicopters, and coyotes.",0.0,0.0,0.0,0.0,0.0,0.0,0.0,0.0
145413173167033.0,That was either a little husky or coyote on the side of the road üòï,1.0,1.0,0.0,0.0,0.0,0.0,1.0,0.0
145412464686166.0,"@jodilasky2 @DonaldJTrumpJr And when you say separated families, are you speaking of how Trump DID NOT allow minors with adults who weren't their parents? You know, like coyotes &amp; drug cartel? Wake TF up!",0.0,0.0,0.0,0.0,0.0,0.0,0.0,0.0
145412271892051.0,there‚Äôs a baby coyote sleeping outside the office ü•∫ü•∫   Y‚Äôall think I can make it my pet?,1.0,1.0,0.0,0.0,0.0,0.0,0.0,0.0
145411706201240.0,Thank you Officer Wilson for helping us kick of Red Ribbon Week with a drug free pledge. @LaPalmaPA https://t.co/rqgMIxc1Jw,0.0,0.0,0.0,0.0,0.0,0.0,0.0,0.0
145410981503942.0,"Woke up feeling great! Must be GAMEDAY!!!  Very proud of our FAMILY. Tonight will be a great challenge vs. the MVL champs, but going into our last game with a shot is all anyone can ask for. Blessed for the opportunity. Can‚Äôt wait for 7 PM  Let go Coyotes!!!",0.0,0.0,0.0,0.0,0.0,0.0,0.0,0.0
145410952505361.0,"Happy book birthday to ""Coyote Songs"" by the brilliant, hardest working writer around today, Gabino Iglesias! #bookbirthday #novels #horror #CrimeFiction #borderfiction https://t.co/CZnLmVb1rH",0.0,0.0,0.0,0.0,0.0,0.0,0.0,0.0
145410618269666.0,"Coyotes are members of the biological candidae family, the same as foxes, wolves &amp; dogs. They are generally tawny grey with tails around 40% the length of their body. The average weight of an adult male in the NPS study of these animals is 25.5lbs. #FactFriday. #Facts #wildlife https://t.co/6kJO8F4pAC",0.0,0.0,0.0,0.0,0.0,0.0,0.0,0.0
145410374628843.0,"@JmeDubya Old Man Coyote is actually Crow, he's their creator.   To us MƒÖ ºii (Coyote) is also referred to as √Å≈Çts√© hashk√© is very important and a sacred being who takes Coyote shape when in animal form.  That truly IS Coyote Country!",0.0,0.0,0.0,0.0,0.0,0.0,0.0,0.0
145408657387664.0,@ABC7 Cute how the coyote acted playful like a dog &amp; wagged it‚Äôs tail. I‚Äôve never seen a coyote do that.,1.0,1.0,0.0,0.0,0.0,0.0,0.0,0.0
145407766069119.0,I don‚Äôt think coyotes or dingos are mean. They are small and cute.,1.0,0.0,0.0,0.0,0.0,0.0,0.0,0.0
145406392376264.0,"@catneedsanap The 3 other dogs have stayed here before. 2 are escape artists: 1 is half coyote, the other can chew through anything. 3rd one is the alpha male, but she's a female",0.0,0.0,0.0,0.0,0.0,0.0,0.0,0.0
145398578228530.0,I would fist fight a pack of coyotes for a pizza right now,0.0,0.0,0.0,0.0,0.0,0.0,0.0,0.0
145398446109629.0,My ass almost hit a coyote driving in Glendora wtf üòÇ,1.0,1.0,0.0,0.0,0.0,0.0,1.0,0.0
145397166013916.0,@DissidentSoaps @ProdigalParable This just raised the price of coyotes.,0.0,0.0,0.0,0.0,0.0,0.0,0.0,0.0
145396861600978.0,@Dheepa97 Ok maybe we‚Äôll spot some coyotes,0.0,0.0,0.0,0.0,0.0,0.0,0.0,0.0
145396185001442.0,"Heads-up neighborhood coyotes, I backed OAK-D-Lite and Mini Pupper: Open-Source,ROS Robot Dog Kit by MangDang on @Kickstarter https://t.co/VrfY7t8pfH",0.0,0.0,0.0,0.0,0.0,0.0,0.0,0.0
145395801923495.0,"@ai6yrham We live in an area with coyotes and foxes, you just keep your pets indoors and enjoy the wildlife sightings!!",0.0,0.0,0.0,0.0,0.0,0.0,0.0,0.0
145395265382674.0,"Kings suck as always but at least we aren‚Äôt the Blackhawks or Coyotes right now, two franchises in utter turmoil. ü§£ü§¶üèª‚Äç‚ôÇÔ∏è",0.0,0.0,0.0,0.0,0.0,0.0,0.0,0.0
145395213722698.0,Love walking home when three coyotes are joggin down the street lookin for fun,1.0,1.0,0.0,0.0,0.0,0.0,0.0,0.0
145395184633100.0,@LAKings @GEICO I‚Äôm in pain as a kings fan but I remain loyal. I will never stop supporting my kings. Still can‚Äôt wait to cu guys play the coyotes in person on Nov. 21st. #GoKingsGo,0.0,0.0,0.0,0.0,0.0,0.0,0.0,0.0
145394521257787.0,The new joint... https://t.co/99TAiJw6aQ,0.0,0.0,0.0,0.0,0.0,0.0,0.0,0.0
145393197047644.0,@osgood9 My pleasure. I went to both locales this past month. Was at the Greek on Saturday. Coyotes were out in force.,0.0,0.0,0.0,0.0,0.0,0.0,0.0,0.0
145392127812182.0,@NancyAzc_ Bro fr when the coyote runs into that wall painted like a highway üò≠,0.0,0.0,0.0,0.0,0.0,0.0,0.0,0.0
145391644955511.0,"@LindseyGrahamSC You are in power that are you doing to stop the drug cartels coyotes and human smugglers, stop Blaming the ones whit no power ; cartel coyotes smugglers are the problem they  have money and power, WHAT ARE YOU DOING TO STOP THEM",0.0,0.0,0.0,0.0,0.0,0.0,0.0,0.0
145390312900777.0,"@EvilViergacht I wish I had the time to follow every development. At the very least, this is seriously bad optics for Montana.  Closer to home, they're shooting coyotes with no bag limit. Even juveniles.",0.0,0.0,0.0,0.0,0.0,0.0,0.0,0.0
145390264201547.0,"@TOAcornNews Yup. Conejo (rabbit) Valley.  Can't tell you how many ppl come to my store asking about how to kill squirrels, rabbits, gophers, voles, and certainly coyote....but they want to live ""in the country""!  Assholes.",1.0,0.0,0.0,0.0,0.0,0.0,0.0,0.0
145390196550779.0,"@ai6yrham I thought ""Urban coyotes"" was another word for #TrashPandas üòÇü¶ù",0.0,0.0,0.0,0.0,0.0,0.0,0.0,0.0
145389962407119.0,WIP just to get myself drawing again.  Coyote &amp; badger couple cause of course https://t.co/kaSh1IZ7gK,0.0,0.0,0.0,0.0,0.0,0.0,0.0,0.0
145389632070860.0,@ai6yrham Hope they are ready for their rat population to expload! I would take a coyote over a bunch of rats any day!,0.0,0.0,0.0,0.0,0.0,0.0,0.0,0.0
145388497966711.0,@ai6yrham It depends. I have a friend who lives in Sherman Oaks and every time they walk their dog they see coyotes. And I don‚Äôt mean from a distance. This is a heavily developed area and those things are aggressive.,1.0,0.0,0.0,0.0,0.0,0.0,0.0,0.0
145388454161816.0,"#ThousandOaks HOA Trapped &amp; Killed #Coyotes, &amp; Lied to Residents About It  @CaliforniaDFW's ""Keep Me Wild"" website (https://t.co/XDwpDDyDiH) has more effective, &amp; humane, suggestions for keeping coyotes from coming into residential neighborhoods  https://t.co/MLCLzVlSVB #wildlife",1.0,0.0,0.0,0.0,0.0,0.0,0.0,0.0
145388125936138.0,"@ai6yrham Coyotes will breed to fill the void, so pointless.",0.0,0.0,0.0,0.0,0.0,0.0,0.0,0.0
145387987186459.0,"@ai6yrham Because ‚Ä¶ wanton disregard for consequences and how their decisions (may) impact any of our natural resources, let alone so-called ‚Äúvarmints‚Äù like coyotes.",0.0,0.0,0.0,0.0,0.0,0.0,0.0,0.0
145385760982021.0,"In September, there were 4 reports of coyote interactions in San Marino. 3 of these were Level 1 (hearing or seeing coyotes) and 1 report was Level 2 (coyotes entering the yard with or without pets present).   Report coyote sightings:  üìû(626) 278-8039 üìßcoyotes@sgvcog.org. https://t.co/CT0fQRxu7n",1.0,1.0,0.0,0.0,0.0,0.0,0.0,1.0
145385320163609.0,Notes from the Field: Dr. Michelle Lute on the Latest Science About Coyote Diets and Behavior https://t.co/rJTTnfL72i via @ProjectCoyote,0.0,0.0,0.0,0.0,0.0,0.0,0.0,0.0
145384546956249.0,"@Doc_Coyote Oh, I have been there https://t.co/uZOwjl0eqY",0.0,0.0,0.0,0.0,0.0,0.0,0.0,0.0
145382252594785.0,"@Amy1112Yuzu We get wild animals go into trash cans when people have trash out a day before the collection day‚Ä¶bears, ü¶ù, coyotes‚Ä¶.",1.0,0.0,0.0,0.0,0.0,0.0,0.0,0.0
145379940386557.0,Agencies upset over coyote trapping https://t.co/Lh14Tp8Qdn,0.0,0.0,0.0,0.0,0.0,0.0,0.0,0.0
145379216536509.0,@sbabyyg Girl that was a coyote not no dog,1.0,1.0,0.0,0.0,0.0,0.0,0.0,0.0
145378957375498.0,Agencies upset over coyote trapping and killing https://t.co/jhCRueAol9,0.0,0.0,0.0,0.0,0.0,0.0,0.0,0.0
145378263984913.0,"The city of Redlands designated as ‚Äúterminated‚Äù Coyote Aviation‚Äôs 20-year lease five months early on a technicality. The Sept. 5, 2000, contract called for Coyote to express, in writing, its desire to extend its lease. Coyote submitted that request ‚Ä¶ https://t.co/HChOggYiFI",0.0,0.0,0.0,0.0,0.0,0.0,0.0,0.0
145378251003956.0,"@HillaryMonahan Well, child, who decided to roll in the coyote shit? You did the crime. Now you have to do the punishment.",0.0,0.0,0.0,0.0,0.0,0.0,0.0,0.0
145378236419519.0,.@JanelParrish and @RyanPaevey get their flirtation on in @hallmarkchannel‚Äôs #CoyoteCreekChristmas.  https://t.co/P3Dg9ojiIr,0.0,0.0,0.0,0.0,0.0,0.0,0.0,0.0
145377050388222.0,Hey coyotes! Here is our bell schedule for tomorrow (10/29/21) HOMECOMING DAY! Please screen shot this so you know our bell schedule for the day. #bellschedule https://t.co/dSDGUH6IBq,0.0,0.0,0.0,0.0,0.0,0.0,0.0,0.0
145376894200711.0,"California edition: - coyote spotted, watch your pets -bear spotted, watch your kids -I smell smoke, is it a wildfire? - what is this wet stuff falling from the sky? https://t.co/OpNk9l6fuO",1.0,1.0,0.0,0.0,0.0,0.0,0.0,0.0
145376745923681.0,@MikeIsErnie Did they rescue the coyote?,0.0,0.0,0.0,0.0,0.0,0.0,0.0,0.0
145376368044574.0,"The only positive thing about my #Nextdoor neighborhood has been updates on this black dog and coyote who have been living together in a public park. Mixed feelings about the dog being 'rescued.' I know it is for best but.... friendship, man.... friendship. https://t.co/U5kOSyxzv9",1.0,1.0,0.0,0.0,0.0,1.0,0.0,0.0
145375645530411.0,Westminster Sr91 W / Coyote Creek **Trfc Collision-Unkn Inj** https://t.co/wYgQrAqg7T,0.0,0.0,0.0,0.0,0.0,0.0,0.0,0.0
145375483964982.0,Never seen a coyote wandering around this late in the morning,1.0,1.0,0.0,0.0,0.0,0.0,0.0,0.0
145369668489506.0,Second grade students enjoy fresh salad from their hydroponic garden!@ocdestem #STEAMpathways https://t.co/iokeNB7q9x,0.0,0.0,0.0,0.0,0.0,0.0,0.0,0.0
145363496341740.0,@Chicane_Coyote No to both...,0.0,0.0,0.0,0.0,0.0,0.0,0.0,0.0
145361666044366.0,@aussiastronomer Accurate. Though one time there was that neat video of a coyote eating a squirrel.,0.0,0.0,0.0,0.0,0.0,0.0,0.0,0.0
145360329645578.0,Just to update everyone we got home unscathed and I told Aggie multiple times I would tackle a coyote to protect her,1.0,1.0,0.0,0.0,0.0,0.0,0.0,0.0
145359682031611.0,@aussiastronomer Bears!  Coyote! Bobcat! Mountain Lion! Lost pet!,1.0,1.0,1.0,0.0,0.0,0.0,0.0,0.0
145358726974352.0,@Coyote_Arts He has to give her a good sniff before he started grooming her because last time she‚Äôd rolled in something and he was APPALLED https://t.co/tVIyUO5riP,0.0,0.0,0.0,0.0,0.0,0.0,0.0,0.0
145358319378172.0,we‚Äôre just wile e coyote off the cliff and we haven‚Äôt looked down yet to accept what we‚Äôve done https://t.co/0OPKFLNMjq,0.0,0.0,0.0,0.0,0.0,0.0,0.0,0.0
145356820446743.0,@SketchCoyote intended for skyotes to be majestic... Like hawk wings and coyote ... Then I come along and make them derpy as hell and make them official pigeon hybrids https://t.co/pc5ms5DQDg,0.0,0.0,0.0,0.0,0.0,0.0,0.0,0.0
145356055145226.0,Krispy Kreme is located at 4760 E. Los Coyotes Diagonal in CD4. https://t.co/Q8zyZRxvxy,0.0,0.0,0.0,0.0,0.0,0.0,0.0,0.0
145355388162808.0,@Jess_inthewild Did a coyote write this,0.0,0.0,0.0,0.0,0.0,0.0,0.0,0.0
145355311127281.0,South LA E Los Coyotes Diagonal / Bellflower Blvd Ofr **Trfc Collision-1141 Enrt** https://t.co/6pomG9ykpu,0.0,0.0,0.0,0.0,0.0,0.0,0.0,0.0
145353752192989.0,Love to hear a pack of coyotes go absolutely buck wild like 2 minutes before we were gonna take the dog for a walk.,1.0,0.0,0.0,0.0,0.0,0.0,0.0,1.0
145353700150898.0,@hunteryharris congrats!!!  (and also see my last tweet re: coyotes),0.0,0.0,0.0,0.0,0.0,0.0,0.0,0.0
145353598880694.0,i have to leave LA because no one told me coyotes start yelling at 6:30,1.0,0.0,0.0,0.0,0.0,0.0,0.0,1.0
145352945573400.0,Look out! Those Crafty Coyote Pups are at it again and this time they have made it all the way to Build-A-Bear Workshop! Create your very own Coyote Pup exclusively at the Build-A-Bear Workshop in the California Marketplace. https://t.co/rmukmxMANY,0.0,0.0,0.0,0.0,0.0,0.0,0.0,0.0
145352695914162.0,"Kento was like the coyote in native American literature- the trickster who shows up out of nowhere, there to remind us not to take our self too seriously. Which makes sense coming from a dude who learned how to catch salmon from his own talking shit.  #markwestwriter https://t.co/VDbshK0B0O",0.0,0.0,0.0,0.0,0.0,0.0,0.0,0.0
145352674610854.0,"I have a new found respect for wildlife photographers after trying to get a pic of this damn blue bird the past 24hrs. Also stumbled upon a big coyote on the land about 50 ft from the house üòÆ. Squirrels, chipmunks, woodpeckers, geckos, everyone‚Äôs out and it was a beautiful 70¬∞‚òÄÔ∏è https://t.co/59cT1Ciupo",1.0,1.0,0.0,0.0,0.0,0.0,0.0,0.0
145351701677052.0,My parents are determined to let a coyote eat our 18 year old cat.,0.0,0.0,0.0,0.0,0.0,0.0,0.0,0.0
145349309935996.0,@lmauricecpr My pup Wile E. Coyote https://t.co/GBBzwXKu5z,0.0,0.0,0.0,0.0,0.0,0.0,0.0,0.0
145349206382000.0,@coyote_teeth Are you going to be lost in a virtual world now?,0.0,0.0,0.0,0.0,0.0,0.0,0.0,0.0
145348546102919.0,@savg_coyote Open your DM or HMU. Lets work :).,0.0,0.0,0.0,0.0,0.0,0.0,0.0,0.0
145348118949132.0,"@yycnature @ProjectCoyote @ABWilderness @ConserveAlberta @Zenfolio Great content. A photo has the luxury of creating illusion which often in the case of coyotes, is maligning.",0.0,0.0,0.0,0.0,0.0,0.0,0.0,0.0
145347774303994.0,@PeterAPeel Waited at the El Coyote valet stand next to Mr. Schiavelli back in the 90s.,0.0,0.0,0.0,0.0,0.0,0.0,0.0,0.0
145347765105887.0,Principal‚Äôs Pals - Today our students learned about Leadership Habit #1 - Be Proactive! https://t.co/tKixO3zURY,0.0,0.0,0.0,0.0,0.0,0.0,0.0,0.0
145347593586955.0,Pee mail‚Ä¶! #wildlife #coyote #nature https://t.co/jjCz7xejFZ,0.0,0.0,0.0,0.0,0.0,0.0,0.0,0.0
145347566263999.0,California Valley Coyote parents. Their adolescent son is nearby. #wildlife #coyote #photography #ramirezcanyon https://t.co/foiQU5Q1z9,0.0,0.0,0.0,0.0,0.0,0.0,0.0,0.0
145347491050482.0,Breakfast of champions #wildlife #coyote #NaturePhotography https://t.co/Hkux6gHUIY,0.0,0.0,0.0,0.0,0.0,0.0,0.0,0.0
145347468111416.0,The look‚Ä¶ #wildlife #coyote #photography https://t.co/ly3op5n2d2,0.0,0.0,0.0,0.0,0.0,0.0,0.0,0.0
145347433109109.0,California Valley Coyote. Adolescent with parents nearby. #wildlife #coyote #photography https://t.co/2rYcAp11yI,0.0,0.0,0.0,0.0,0.0,0.0,0.0,0.0
145346330868665.0,@pattonoswalt This is still one of the funniest things I ever read   https://t.co/Ik8irHyA8X,0.0,0.0,0.0,0.0,0.0,0.0,0.0,0.0
145345469836351.0,"Happy Wednesday, here‚Äôs what must be 10,000 coyotes behind my house losing their shit over an ambulance siren https://t.co/t9enEmh2Za",1.0,0.0,0.0,0.0,0.0,0.0,0.0,1.0
145343783259317.0,@Doc_Coyote It's messed up,0.0,0.0,0.0,0.0,0.0,0.0,0.0,0.0
145342401319200.0,"2 am I let the dogs out.   üëáüèΩescapes. Hubby &amp; I spend the wee morning hours driving, walking, screaming, shaking treats on the canyon where we live.  Owl almost hit my car.  Coyotes ran by. As I weep imagining Francis being food, he appears next to my car. Wanting treats. üòë https://t.co/uJgxPOlTxh",1.0,1.0,0.0,0.0,0.0,0.0,0.0,0.0
145341376568945.0,how do you say coyote?,0.0,0.0,0.0,0.0,0.0,0.0,0.0,0.0
145340561080921.0,"Roadrunner contemplating various stages of road engagement (beep beep!) üòÄNo coyotes in sight, sadly. üêæüêæ https://t.co/zehceW9WX6",0.0,0.0,0.0,0.0,0.0,0.0,0.0,0.0
145339014951820.0,Ya coyotes eating cats is a big thing in LB,1.0,0.0,1.0,0.0,1.0,0.0,0.0,0.0
145338874193493.0,@GolfBurner As IU grad pains me to say Purdue Courses along with Coyote Crossing is hard to beat for value golf trip. Btw just played Lawsonia &amp; SV a few weeks ago outstanding.,0.0,0.0,0.0,0.0,0.0,0.0,0.0,0.0
145338464273678.0,"First full day back in LA, and I've already seen a dead (or sleeping?) coyote on my block. How's your day going?",1.0,1.0,0.0,1.0,0.0,0.0,0.0,0.0
145338078583098.0,Ran into a coyote on the morning walk and Winnie forgot she‚Äôs a fucking Pit Bull üòÇ,1.0,1.0,0.0,0.0,0.0,1.0,0.0,0.0
145337609276986.0,#NationalMentoringDay  The Coyote Networküê∫was created to give a platform to all the 'Yotes who are paving their path to success &amp; connecting them with our Alumni üë®üèª‚Äçüéìwho enjoy mentoring.  üíôJoin at https://t.co/xBd2SEBNV6  #CSUSBAlumni https://t.co/5ZjTpxvGcd,0.0,0.0,0.0,0.0,0.0,0.0,0.0,0.0
145335563321065.0,@Dryadula No wolves in these parts. Coyotes and foxes and bears and mountain lions sometimes. But no wolves.,0.0,0.0,0.0,0.0,0.0,0.0,0.0,0.0
145335107346533.0,@pom_pom_puri so probably one (1) coyote,0.0,0.0,0.0,0.0,0.0,0.0,0.0,0.0
145333843525555.0,@wildbell @baddestmamajama Coyote? More like CUTIE! üòç,0.0,0.0,0.0,0.0,0.0,0.0,0.0,0.0
145332158773044.0,this but the hall is my area and hello kitty is coyotes https://t.co/49C1GhJMBr,0.0,0.0,0.0,0.0,0.0,0.0,0.0,0.0
145320490760806.0,@Chicane_Coyote Same actually when I saw him walk by me. LOL,0.0,0.0,0.0,0.0,0.0,0.0,0.0,0.0
145319097532152.0,"@JoeRunsThis I‚Äôve had tea recently, but no coffee. Maybe when I was on mushrooms few months back I thought I had coffee with the ‚Äúcoyote‚Äù that turned out to be an orange Home Depot bucket üòÇ",0.0,0.0,0.0,0.0,0.0,0.0,0.0,0.0
145317281782703.0,"Someone should start a page for all the crazy shit that comes across the @Nextdoor app‚Ä¶ I‚Äôll go 1st.. ‚Äúa pack of Coyotes, Human &amp; Dog all meet late at night‚Äù for $100 Alex : https://t.co/XF1DIsyhtg",0.0,0.0,0.0,0.0,0.0,0.0,0.0,0.0
145314274451217.0,"Hey @OrangeVistaFB , we have some future Coyote football players in the making. #FalconsUnitedInExcellence https://t.co/S2VKMfkNt7",0.0,0.0,0.0,0.0,0.0,0.0,0.0,0.0
145314260254328.0,@LO_FLAPanthers @Mandoman12 @CarlPavlockFFH And because Gudas was only defending himself- it is why the Coyote player got the instigator call.,0.0,0.0,0.0,0.0,0.0,0.0,0.0,0.0
145313091090010.0,"@nhlleave @twolinepass When the Coyotes come to town it'll just say ""Big fat load of cum, then""",0.0,0.0,0.0,0.0,0.0,0.0,0.0,0.0
145311766004920.0,"OCTOBER DAYE X TRAIL OF LIGHTNING  As apocalypse engulfs two worlds, Latinx atheist Serena discovers she's a coyote shapeshifter when the fae kidnap her BFF. But to free them both, Serena must risk destroying Faerie and Earth.  #DVPit #A #P #F #UF   #OWN #DIS #Atheism",0.0,0.0,0.0,0.0,0.0,0.0,0.0,0.0
145310812767127.0,@Greenfairy001 Did they jump all over you for causing coyote panic since this is their land?  See that bs all over the Nextdoor app.  Sorry sweetie!,0.0,0.0,0.0,0.0,0.0,0.0,0.0,0.0
145310391113752.0,@Nameless_Coyote My best suggestion is in the options menu to turn the music off because you‚Äôll hear more clearly a line Luigi says that you might miss with the music on.,0.0,0.0,0.0,0.0,0.0,0.0,0.0,0.0
145310083646110.0,"Man rescues wailing calf, @CTVBarrieNews reports. https://t.co/cCCocBPKDP #Hunting #Fishing #Outdoors #Moose #Calf #Rescue #Coyotes",0.0,0.0,0.0,0.0,0.0,0.0,0.0,0.0
145309813636527.0,"@Rainmaker1973 One morning last year, when I got up before dawn to see comet NEOWISE from Pasadena,CA, I was amazed to see coyotes in front of and behind a raccoon as all three made their way down the sidewalk, single file, to perform some mischief.",1.0,1.0,0.0,0.0,0.0,0.0,0.0,0.0
145308762817418.0,Last night I was deciding what lyric to put the coyotes and pigeons footage with and maybe I laughed too hard comparing them to demons üòÖ,0.0,0.0,0.0,0.0,0.0,0.0,0.0,0.0
145308245564100.0,#ORIGINSTORIES: @CoyoteNCrowRPG with @ConnorAlexander https://t.co/2owHCuK67b   #ATribeCalledGeek #Indigenerdity,0.0,0.0,0.0,0.0,0.0,0.0,0.0,0.0
145307935301783.0,"OCTOBER DAYE X TRAIL OF LIGHTNING  As apocalypse engulfs two worlds, Latinx atheist Serena discovers she's a coyote shapeshifter when the fae kidnap her BFF. But to free them both, Serena must risk destroying Faerie and Earth.  #DVPit #A #P #F #UF   OWN DIS Atheism",0.0,0.0,0.0,0.0,0.0,0.0,0.0,0.0
145307592404856.0,Pretty unexpected NHL power rankings from @peteblackburn this week...  Coyotes? Not where you'd expect. Neither are the Panthers.,0.0,0.0,0.0,0.0,0.0,0.0,0.0,0.0
145306668166909.0,"Just spoiling the conclusion here for you, the Arizona Coyotes will get punished by the NHL more harshly for illegally working out draft prospects than the Chicago Blackhawks will for allowing ongoing sexual harassment to happen.",0.0,0.0,0.0,0.0,0.0,0.0,0.0,0.0
145306497126114.0,Lotta coyote action on the hill last night! #wildlife #LosAngeles https://t.co/Gew3ZmeMXs,1.0,0.0,0.0,0.0,0.0,0.0,0.0,0.0
145306082829536.0,@IAmAdamRonin Definitely no coyote uglies for dis boi.,0.0,0.0,0.0,0.0,0.0,0.0,0.0,0.0
145303701118341.0,@VDLHSRavens! Want to learn how to be a @csusb coyote? Join us for our @calstate application workshop tonight! https://t.co/YmNDxXmNqH,0.0,0.0,0.0,0.0,0.0,0.0,0.0,0.0
145300029884327.0,"@OctopusGilded Nice to see things like that out in the world. I live near a wildlife preserve, but all I ever see are coyotes. They don‚Äôt even have any decent Acme gear.",1.0,0.0,0.0,0.0,0.0,0.0,0.0,0.0
145285763980154.0,"@SFBayDavid Coyotes, if alone, are cowards and can easily be shouted off. It's when they're paired or a group that they get gutsy.",0.0,0.0,0.0,0.0,0.0,0.0,0.0,0.0
145284009850912.0,PBIS Rewards Celebration for August and September Way to go Coyotes! https://t.co/eE9GkTicer,0.0,0.0,0.0,0.0,0.0,0.0,0.0,0.0
145593412372636.0,@sdhumane Update on the coyote?,0.0,0.0,0.0,0.0,0.0,0.0,0.0,0.0
145589841309494.0,"A coyote that was crossing the street in San Marcos on Tuesday was hit by a car so hard that it became lodged in the front grill -- yet, believe it or not, the animal escaped without injuries. #DSC1015KGB #LoveYourShowDSC https://t.co/R7HRdsVCYh",1.0,0.0,0.0,0.0,0.0,0.0,1.0,0.0
145589346921872.0,Coyote Rescued After Getting Lodged in Front Grill of Car https://t.co/HG4ZO5SPQj,1.0,0.0,0.0,0.0,0.0,0.0,1.0,0.0
145585910786112.0,@Hockey_Royalty The Coyotes are taking tanking to a new level with Jay Beagle as their #1 Center and icing one of the worst teams in recent NHL history. Hard for any of their couple of good players to fly like an eagle like this.,0.0,0.0,0.0,0.0,0.0,0.0,0.0,0.0
145571807714904.0,@Grimmy_Coyote they collectively need their ear tufts trimmed as well.,0.0,0.0,0.0,0.0,0.0,0.0,0.0,0.0
145571527352956.0,Get a summary of the Arizona Coyotes vs. Philadelphia Flyers hockey game. https://t.co/daYI0UpIqi via @ESPN App https://t.co/aoWPoUtVGo,0.0,0.0,0.0,0.0,0.0,0.0,0.0,0.0
145568619467573.0,The Fall Fun Run Continues this Wed at the Coyote Bar and Grill in Downtown Carlsbad.  Come see So Cal's all star jam band live!  https://t.co/ajwumPjTcp,0.0,0.0,0.0,0.0,0.0,0.0,0.0,0.0
145560594859717.0,@savg_coyote @boltupnick Ratio,0.0,0.0,0.0,0.0,0.0,0.0,0.0,0.0
145559563315118.0,San Diego Humane Society caring for coyote rescued from car bumper in San¬†Marcos https://t.co/l1rE381UNZ,1.0,0.0,0.0,0.0,0.0,0.0,1.0,0.0
145556563331634.0,San Diego Humane Society caring for coyote rescued from car bumper in San Marcos https://t.co/ga5msPQB65,0.0,0.0,0.0,0.0,0.0,0.0,0.0,0.0
145556543250144.0,A coyote is being cared for by the San Diego Humane Society after it was hit by a car and trapped in the front grill on Monday in San Marcos. The animal was rushed to the shelter's Wildlife Center in Ramona.  https://t.co/PnBjP7D2IG,1.0,0.0,0.0,0.0,0.0,0.0,1.0,0.0
145529586881111.0,Oh no! I played this and my dogs went bonkers! We have a pack of coyotes in the canyon behind me. Pretty sure that‚Äôs what was howling. ü§£ https://t.co/KgegI8ZqAu,1.0,0.0,0.0,0.0,0.0,0.0,0.0,1.0
145526495944568.0,"#SanMarcosCoyoteRescue (2/2) Initial x-rays of the coyote who was hit by a car and taken to our Ramona Wildlife Center did not reveal any fractures. She has been treated for shock, given fluids &amp; pain medication, and is under observation. https://t.co/YAGNlk25fO",1.0,0.0,0.0,0.0,0.0,0.0,1.0,0.0
145524468734264.0,@rich_roberts @HaSeongsRim Have we ruled out the possibility that a coyote stole it?,1.0,0.0,0.0,0.0,0.0,0.0,0.0,0.0
145523328523225.0,The Fall Fun Run Continues this Wed at the Coyote Bar and Grill in Downtown Carlsbad.  Come see So Cal's all star jam band live!  https://t.co/ajwumPjTcp,0.0,0.0,0.0,0.0,0.0,0.0,0.0,0.0
145505104134336.0,@AndyCole1984 Sorry just feeding the coyotes.,0.0,0.0,0.0,0.0,0.0,0.0,0.0,0.0
145502185259461.0,#SuccessionHBO tonight was like the coyote who chews off 3 legs and is still caught in the trap! https://t.co/a1KH6qHi49,0.0,0.0,0.0,0.0,0.0,0.0,0.0,0.0
145498567315747.0,"Dude, there‚Äôs all these coyotes howling outside right now. It‚Äôs 6:30?!!!",1.0,0.0,0.0,0.0,0.0,0.0,0.0,1.0
145490845331128.0,The whole cartoon characters getting devoured in Pibby gives me flashbacks to my earliest childhood nightmare where Calamity Coyote got clubbed to death by an ogre in a minecart. That nightmare fucked me up pretty bad.,0.0,0.0,0.0,0.0,0.0,0.0,0.0,0.0
145489058102964.0,"If Wile E. Coyote could afford to buy all those roller coasters and TNT from Acme, why didn't he just go to KFC and buy a chicken?",0.0,0.0,0.0,0.0,0.0,0.0,0.0,0.0
145469100760632.0,Weekly Howl Volume 1.11 - üì¢ Check out what's happening at San Altos and see who this week's Coyote Fist Bump winner is! https://t.co/kLD7evnPCl https://t.co/5Rwmb4JSS1,0.0,0.0,0.0,0.0,0.0,0.0,0.0,0.0
145468336004380.0,@GirlWhoBets And Hurricanes -1.5. Coyotes are bottom tier and Carolina is a wagon.,0.0,0.0,0.0,0.0,0.0,0.0,0.0,0.0
145452636170855.0,"Real learning happens when students are able to apply their knowledge, think critically and engage in conversation. Increased student ‚Äútalk‚Äù makes a huge difference! Go Coyotes! #CVESRocks #CanyonViewElementary #PowayUnified https://t.co/jznvwQoYUq",0.0,0.0,0.0,0.0,0.0,0.0,0.0,0.0
145449329647088.0,"@hallmarkchannel @hallmarkmovie for BC, Canada viewers we do get Coyote Creek Christmas tonight @ 8pm and two other times this weekend.  The Christmas Promise we get Nov 6 @ 6pm and one other time.  Check your schedules",0.0,0.0,0.0,0.0,0.0,0.0,0.0,0.0
145436424086992.0,"Also airing Saturday, October 30, is #CoyoteCreekChristmas starring @JanelParrish and @RyanPaevey on @hallmarkchannel https://t.co/VcZbXVRNjF",0.0,0.0,0.0,0.0,0.0,0.0,0.0,0.0
145425922682659.0,@LEARLOCKS Sweated the shit out of that. I‚Äôm playing coyotes opponents -1.5 all year bound to make money they are awful,0.0,0.0,0.0,0.0,0.0,0.0,0.0,0.0
145422320895816.0,This is right up there with Aaron Brooks' backwards pass or Pete Carroll not handing the rock to Marshawn Lynch with the Super Bowl on the line. It's like a Roadrunner and Coyote cartoon come to life. @deanriehm @BDaddyLiberator @MeeorxMox https://t.co/WH5BF2diyI,0.0,0.0,0.0,0.0,0.0,0.0,0.0,0.0
145421244456642.0,I just seen a coyote in broad daylight over here in PH ü§£,1.0,1.0,0.0,0.0,0.0,0.0,0.0,0.0
145417825680709.0,Watch: Cat Chases Coyote Away From Family Home in Daring Video https://t.co/26AXPi8Vib via @Yahoo,0.0,0.0,0.0,0.0,0.0,0.0,0.0,0.0
145414173840718.0,"This week, Ivey Ranch Coyotes visited the spooktaculur Boo Zoo library and spotted some monster book tear art made by our TK class! We even got to see Harry Potter‚Äôs Monster Book of Monsters! üìöüìñüêà‚Äç‚¨õüéÉ‚ú®üëª @OsideUSD @TrishQuinene #CoyotesConnect #ReadingIsMagical #DestinationOside https://t.co/VCAbkuEemn",0.0,0.0,0.0,0.0,0.0,0.0,0.0,0.0
145412312927446.0,@XFabulash14X He‚Äôs adorable when he does that and also he‚Äôs teasing his coyote too. That lil flirt. ;),0.0,0.0,0.0,0.0,0.0,0.0,0.0,0.0
145408604720630.0,"@JessieKenny8 In SoCal, there‚Äôs a very good chance that a cat left outdoors will be attacked by coyotes.  My 80 lb dog was attacked twice in one month. We keep him inside at night now.",1.0,0.0,1.0,0.0,0.0,0.0,0.0,0.0
145404484972894.0,@huttser_coyote @JeschkeSqrl That SWALLOW üí¶üí¶,0.0,0.0,0.0,0.0,0.0,0.0,0.0,0.0
145393407594570.0,"@teejeejeej I couldn't get past the first few episodes. It felt like a Billions clone. But now that Billions is essentially Roadrunner vs Wile E Coyote, I need to go back and try Succession again.",0.0,0.0,0.0,0.0,0.0,0.0,0.0,0.0
145393208559326.0,üé∂ Hello Coyotes what a wonderful day!   I‚Äôm here in your class with something to say.  Red envelope week was huge success!  You helped our programs be their very best.  So keep up the great work in every way.   This is Hippo saying peace and have a good day! üé∂ https://t.co/SZFObHLVEE,0.0,0.0,0.0,0.0,0.0,0.0,0.0,0.0
145381336027794.0,@TDProductions2 The coyotes will need it revamp their pricing structure.,0.0,0.0,0.0,0.0,0.0,0.0,0.0,0.0
145357302367659.0,How many coyotes do you see? https://t.co/prnp68zRev,0.0,0.0,0.0,0.0,0.0,0.0,0.0,0.0
145356858305363.0,Just Asking:  NHL-Where's the leadership from Commissioner Gary Bettman-Union Chief Donald Fehr  Anyone offended: ..Denied link Concussions-CTE-Players Suicides ..Delayed probe Evander Kane addiction ..NHL not investigate Blackhawks sex assault case ..No intervention Coyotes mess,0.0,0.0,0.0,0.0,0.0,0.0,0.0,0.0
145355709217062.0,How many coyotes do you see? https://t.co/ws2kJybU0u,0.0,0.0,0.0,0.0,0.0,0.0,0.0,0.0
145353383264939.0,Kinder Coyotes exploring and sharing strategies for solving problems! How do you go about solving a problem? #cvesrocks #canyonviewelementary #powayunified https://t.co/nHsaq2y7Po,0.0,0.0,0.0,0.0,0.0,0.0,0.0,0.0
145344009569286.0,"@100peaks options:  ""I like coyotes, I just don't want them to eat anything.""  ""Everyone I don't recognize is a drug dealer""",0.0,0.0,0.0,0.0,0.0,0.0,0.0,0.0
145338749338710.0,"@LettuceLove2 No it‚Äôs too hot here for wolves so we only have coyotes. They‚Äôre always looking for someone‚Äôs dog or cat, even though there‚Äôs a million rabbits around here!",1.0,0.0,0.0,0.0,0.0,0.0,0.0,0.0
145338446198743.0,"@LettuceLove2 She stalked us one time, but didn‚Äôt get too close. There‚Äôs a large pack of 8 coyotes that continue to bait my dogs into chasing after them. So I switch up my time and go on different trails to avoid the confrontation.",1.0,1.0,0.0,0.0,0.0,1.0,0.0,0.0
145321882759304.0,@pixievibez Facts!!! Are they gonna slide on the coyotes or something ? I mean I know it‚Äôs a cartoon but FUCKKKKKK üòÇü§£,0.0,0.0,0.0,0.0,0.0,0.0,0.0,0.0
145315611653632.0,@huttser_coyote @BryceDoggy @BlueHarborC Imma boop the snoot!,0.0,0.0,0.0,0.0,0.0,0.0,0.0,0.0
145291142581540.0,These fucking coyotes broooüò§,1.0,0.0,0.0,0.0,0.0,0.0,0.0,0.0
145286495161006.0,Will never ever get tired of the adventures of badger and coyote. https://t.co/87razIyRCH,0.0,0.0,0.0,0.0,0.0,0.0,0.0,0.0
145528976467290.0,"Hey Coyotes! The CHS girls water polo team will be having a fundraiser at The Stand this Saturday, 11/6 from 11 am- 9 pm, and another Fundraiser at Uba Tuba next week, 11/10 from 3 pm- 6 pm. Show your support and grab a bite to eat. Make sure to mention #CHSGWP. #lvusd https://t.co/4DfVMbyBUV",0.0,0.0,0.0,0.0,0.0,0.0,0.0,0.0
145528668041666.0,"@LesserIsMorer @beard_sports @walsha So, it's not like that changes the ""parity"" that's currently in the league.  No cap would allow players to make way more money, and smaller market teams would get way more revenue.  We could finally stop talking about where the GD Coyotes are gonna play every summer.",0.0,0.0,0.0,0.0,0.0,0.0,0.0,0.0
145528045494117.0,"Come out and support your Coyotes Football Team as they battle Verbum Dei on Friday Night, November 5th at Coyotes Stadium at 7:00pm.  Ticket information will be released soon!  Hope to see you here!  Let's Go!!!!! https://t.co/HmMniLm4b6",0.0,0.0,0.0,0.0,0.0,0.0,0.0,0.0
145523757101805.0,"GIRLS TENNIS PLAYOFFS: Simi Valley will visit Valencia, Camarillo will host Redondo Union and Calabasas will play at Santa Barbara in Division 1 first-round matches on Wednesday @svhspioneers @achs_scorpions @CamHighAthletic @CalabasasSports @CHS_Coyotes",0.0,0.0,0.0,0.0,0.0,0.0,0.0,0.0
145505369999097.0,coyote ugly,0.0,0.0,0.0,0.0,0.0,0.0,0.0,0.0
145502768096164.0,"Bonus Mini Halloween Party pix, provided by @fablepaint ! Featuring @JacobDavison_ as Jason, @TheQueenCryptid as her true werewolf self, @KilotheMonster as The Lizard, @Doc_Coyote as a snazzy necromancer, and me as Strange Supreme lolol https://t.co/IP9TzH1ha7",0.0,0.0,0.0,0.0,0.0,0.0,0.0,0.0
145501341917048.0,@manedwolfy @DUNE_COYOTE @MarivauxCoyote @KimboTheFox Woof happy Halloween üëª‚ù§Ô∏è can‚Äôt wait to see y‚Äôall soon! ‚ù§Ô∏è,0.0,0.0,0.0,0.0,0.0,0.0,0.0,0.0
145495285417582.0,#SongDogSunday  Happy Halloween üéÉ  Awareness and understanding can save a coyote's life. Respecting their natural instincts and wildness helps establish safe and healthy boundaries. This means never providing those harmful handouts for a photo op or entertainment. Thank you! https://t.co/rHXuWCGWrI,0.0,0.0,0.0,0.0,0.0,0.0,0.0,0.0
145485608429270.0,@barilleon The Desert stage where you team up with roadrunner against coyote and his series of escalatingly dangerous/ineffective traps would be *chefs kiss*,0.0,0.0,0.0,0.0,0.0,0.0,0.0,0.0
145483436855640.0,Happy Halloween Coyotes!!! Have fun and be safe! See you tomorrow! ü¶äüß°üéÉüëª https://t.co/eyXDvQi4Eg,0.0,0.0,0.0,0.0,0.0,0.0,0.0,0.0
145467790344718.0,Predictions for tomorrow: Kings &gt; Sabres  Hurricanes &gt; Coyotes  Canadiens &gt; Ducks Devils &gt; Blue Jackets Kraken &gt; Rangers   Season Record: 63-63,0.0,0.0,0.0,0.0,0.0,0.0,0.0,0.0
145457472505357.0,"@Doc_Coyote Oh man, possibly crowded but I wonder if they‚Äôd be doing something special for Halloween",0.0,0.0,0.0,0.0,0.0,0.0,0.0,0.0
145449634153551.0,üïØI‚Äôm manifesting a Coyote Ugly in LAüïØ üïØput me to worküïØ,0.0,0.0,0.0,0.0,0.0,0.0,0.0,0.0
145449448067801.0,"They‚Äôre often starting from closer locales having been given refuge &amp; jobs in Mexico for months/a year! There‚Äôs International Airports in Mexico City &amp; Panama City. These Migrants might require ‚Äúfunding‚Äù but most are dressed, w/cell phones &amp; good shoes except the coyotes‚Äô kids. https://t.co/QXZHuGwPZJ",0.0,0.0,0.0,0.0,0.0,0.0,0.0,0.0
145449348958076.0,It‚Äôs gettin‚Äô coyote ugly up in here no tyruhhh,0.0,0.0,0.0,0.0,0.0,0.0,0.0,0.0
145434510856896.0,"Listen I love Coyote Ugly, movie slaps. The fact she takes that man back after he insults her, her job, her existence? Nah. Absolutely not.",0.0,0.0,0.0,0.0,0.0,0.0,0.0,0.0
145430789293325.0,"FINAL: Westlake 39, Calabasas 12; Warriors finish regular season at 5-5 overall and 1-2 in Marmonte League; Coyotes finish 3-7, 0-3 @_WHSAthletics_ https://t.co/gWQDVa4qxM",0.0,0.0,0.0,0.0,0.0,0.0,0.0,0.0
145422937462285.0,The Arizona Coyotes have a guy on the team named Mayo,0.0,0.0,0.0,0.0,0.0,0.0,0.0,0.0
145397874279608.0,Predictions for tomorrow:  Panthers &gt; Red Wings  Blue Jackets &gt; Rangers  Capitals &gt; Coyotes  Hurricanes &gt; Trashhawks Golden Knights &gt; Ducks (Fuck both) Stars &gt; Senators   Season Record: 53-57,0.0,0.0,0.0,0.0,0.0,0.0,0.0,0.0
145394249248784.0,Jumpstart‚Äôs Read for Record Day - Kindergarten enjoyed having Superintendent Martinez as our guest reader! She came wearing her mismatch for our school sprint day! https://t.co/pZR5NCV7mw,0.0,0.0,0.0,0.0,0.0,0.0,0.0,0.0
145393941384353.0,@streeeeep Coyote Ugly yesss,0.0,0.0,0.0,0.0,0.0,0.0,0.0,0.0
145385928518888.0,"What's your favorite predator? Bolsa Chica is home to some major predators like coyotes, raptors or birds of prey (hawks, owls, falcons, etc.), rattlesnakes, and even sharks!  photos: Mike Hodgson, Roy Holden, Steve Smith, Babs Levitan, Beverley Hansen, Ramon Medina https://t.co/cGBobNy5co",0.0,0.0,0.0,0.0,0.0,0.0,0.0,0.0
145361630781591.0,Predictions for tomorrow: Kings &gt; Jets Lightning &gt; Coyotes  Flames &gt; Penguins  Hurricanes &gt; Bruins  Blues &gt; Avalanche  Flyers &gt; Canucks  Sabres &gt; Ducks Kraken &gt; Wild  Sharks &gt; Canadiens   Season Record: 47-54,0.0,0.0,0.0,0.0,0.0,0.0,0.0,0.0
145354573497692.0,They start 7-0 they‚Äôve played the bruins penguins islanders lightning avalanche flyers and the coyotes. 6 of those teams are playoff contenders and the only team that put up a fight against the panthers was the penguins,0.0,0.0,0.0,0.0,0.0,0.0,0.0,0.0
145348026747421.0,"@HistoryInbooks @MentalHealthBo5 I‚Äôm so grateful for the Chemeheuvi @GoLakeHavasu Water = life = wealth. Ocean Woman created the earth. Wolf, Coyote &amp; Mountain Lion led the way. We‚Äôre all connected. #History #mentalhealth #writerslift https://t.co/MG4uUyHArS https://t.co/MRg4CRonAR",0.0,0.0,0.0,0.0,0.0,0.0,0.0,0.0
145340928980088.0,@awfulsexworker we gonna have to get them those ugly coyote protective vests,0.0,0.0,0.0,0.0,0.0,0.0,0.0,0.0
145340642750721.0,"Janel Parrish is one of our favorite #CountdownToChristmas stars, so yes, we're looking forward to this #HallmarkChannel movie! https://t.co/w5gP6O6muU https://t.co/o6b9bwcZYr",0.0,0.0,0.0,0.0,0.0,0.0,0.0,0.0
145339647110606.0,"@IamKingFluffy @LAKings I'm gonna make a bold prediction. Team # 32, Arizona Coyotes, will finish the season with a better record than the Kings.  You heard it here first!",0.0,0.0,0.0,0.0,0.0,0.0,0.0,0.0
145333082768590.0,#CountdownToChristmas is one of our favorite times of the year &amp; this movie is one we're looking forward to the most. #CoyoteCreekChristmas https://t.co/w5gP6O6muU https://t.co/lRJHqmf6zU,0.0,0.0,0.0,0.0,0.0,0.0,0.0,0.0
145322969144434.0,"this is coyote ugly (2000, dir. david mcnally) erasure https://t.co/B6CR3KH6ra",0.0,0.0,0.0,0.0,0.0,0.0,0.0,0.0
145311785924516.0,Check out this new photograph that I uploaded to https://t.co/00rjKMNLC8! https://t.co/Va9JMw5r7J,0.0,0.0,0.0,0.0,0.0,0.0,0.0,0.0
145311259652610.0,Golden Light! #Coyotes  #LosAngeles #wildlife #SanDiego #park #SanFransisco   https://t.co/00rjKMNLC8! https://t.co/K51HD4KtLo,0.0,0.0,0.0,0.0,0.0,0.0,0.0,0.0
145310823923144.0,"@mcheno blackhawks caught and find by nhl for covering up sexual abuses for the good team chemistry, coyotes find for illegal practices, and devils find for apparently breaking rules regarding caps on signings..",0.0,0.0,0.0,0.0,0.0,0.0,0.0,0.0
145308094382942.0,@devilsfan208 @StevenEllisTHN @TheHockeyNews @NHL Don‚Äôt forget the picks coyotes lost for also a much lesser violation. Hawks should‚Äôve got a much bigger fine and loss of several picks,0.0,0.0,0.0,0.0,0.0,0.0,0.0,0.0
145308060222015.0,@TheFourthPeriod What a joke. Coyotes got hit with loss of picks for a violation less significant then something like this.  Should‚Äôve hit hawks harder with more $$ and loss of picks for maybe a couple of years,0.0,0.0,0.0,0.0,0.0,0.0,0.0,0.0
145307549076852.0,"This little guy is 8 months old and was rescued from a dingbat in the high desert who got tired of having a cat and kicked him out to be a coyote snack.  Fully vaxxed, neutered and in need of an awesome indoor home!  He's in Moorpark.  Dog friendly &amp; social.  DM me! https://t.co/UCiRTDpBKc",0.0,0.0,0.0,0.0,0.0,0.0,0.0,0.0
145306387585154.0,@Nameless_Coyote I loved Mario Tennis on the N64. Luigi had one of the funniest tournament trophy celebrations.,0.0,0.0,0.0,0.0,0.0,0.0,0.0,0.0
145306238946161.0,"Feeding wildlife may be fun, but the effects are not! Leftover food scraps attract coyotes to our homes, allowing them to become more comfortable around humans. Remember this Halloween that treats are for kids, NOT wildlife! #coyote #sangabrielvalley #neighborhoodcoyoteprogram https://t.co/9ugReGUuaV",0.0,0.0,0.0,0.0,0.0,0.0,0.0,0.0
145305764767506.0,"Lady Coyotes Tennis at League prelims and finals today and Thursday, hosted at Jurupa Valley.  Good Luck Coyotes!! @ Jurupa Valley, California https://t.co/JhSrxrlQsJ",0.0,0.0,0.0,0.0,0.0,0.0,0.0,0.0
145303640561412.0,Movie of the Week Recommendation: Coyote Creek¬†Christmas https://t.co/DyFbMj4Ar8,0.0,0.0,0.0,0.0,0.0,0.0,0.0,0.0
145282658382431.0,"yall who has the coyote footage? I found one video, is there anymore? cc @LIONPRlDE",0.0,0.0,0.0,0.0,0.0,0.0,0.0,0.0
145281752763813.0,"I am personally super unimpressed when a girl calls herself a goddess.  That's what other people call you.  Calling yourself that is cartoonishly self absorbed.   Like Wile E Coyote having a business card that says ""genius"" on it. https://t.co/eS29gzAmbI",0.0,0.0,0.0,0.0,0.0,0.0,0.0,0.0
145281548172797.0,"I moved into an area with lots of coyotes. Hadn‚Äôt seen one until last week, a massive one in the nearby park where I walk the dogs. Today, saw one on my driveway while I was working out in garage. Scary but so fascinating. I love living in a city that I get to share with wildlife",1.0,1.0,0.0,0.0,0.0,0.0,0.0,0.0
145280668044652.0,@jenannrodrigues Coyotes here jump over fences. Can‚Äôt let your cat out or leave your dog in the backyard here,1.0,0.0,0.0,0.0,0.0,0.0,0.0,0.0
145280577055944.0,"@ForcedAdversity Nope. One's a coyote and the other's a wolf. Wile E. Coyote and Ralph Wolf, to be specific.",0.0,0.0,0.0,0.0,0.0,0.0,0.0,0.0
145279532201129.0,"@smc429 @ThatEricAlper I was a Highwoman And a mother from my youth For my children, I did what I had to do My family left Honduras when they killed the Sandinistas We followed a coyote through the dust of Mexico Every one of them except for me survived And I am still alive",0.0,0.0,0.0,0.0,0.0,0.0,0.0,0.0
145279123404543.0,@ImBelle2470 People cannot let their cats out or leave their dogs in their yard alone    Unfortunately some do üò¢.  We have a lot of coyotes here. Used to pretty much just come out at night but now they‚Äôre seen during the day everywhere. We‚Äôve had some right here in our neighborhood,1.0,0.0,1.0,0.0,0.0,0.0,0.0,0.0
145278719173064.0,I hope so because my plot twist involves people getting eaten by coyotes and wolves.  I would love to see that shit. https://t.co/amRXlWf8lH,0.0,0.0,0.0,0.0,0.0,0.0,0.0,0.0
145278433346744.0,This is what coyotes do in our town lol üòÇ https://t.co/4NLyQ9iXEp,0.0,0.0,0.0,0.0,0.0,0.0,0.0,0.0
145277227679805.0,"It was an #intimate garden, a place for quaking aspen and mountain quail, their plumes electric with angst, anticipation. What lie in wait there: coyotes, children on a field trip, a wayward fox on the prowl? #vss365 #prompt #nature",1.0,0.0,0.0,0.0,0.0,0.0,0.0,0.0
145276169929604.0,"Despite windy conditions, Hornet golfer Chelsey Gutirrez places first overall individually and the Hornets placed sixth overall in a home tournament at Coyote Hills Golf Course Monday  ‚úèÔ∏è Jared Chavez üì∏ Blare Parke https://t.co/pH0ne8o3Xx",0.0,0.0,0.0,0.0,0.0,0.0,0.0,0.0
145272644803750.0,"Hey Coyotes! IT'S HOMECOMING WEEK, which means its also #calabasashsspiritweek here in Coyote Nation! There is a twin day, a costume party and much more. Happy Homecoming week and Happy Halloween Coyotes! #coyotepride #calabasashomecoming #calabasashoco #lvusd https://t.co/UtMWltCAeP",0.0,0.0,0.0,0.0,0.0,0.0,0.0,0.0
145272439987059.0,@ActiveNorCal best friends?? obviously that coyote is so whipped by that badger.. üòÇ,0.0,0.0,0.0,0.0,0.0,0.0,0.0,0.0
145272289861594.0,@DUNE_COYOTE God blfc was lit with you Dune! Ty for having me in ur room and I had a blast!!!!,0.0,0.0,0.0,0.0,0.0,0.0,0.0,0.0
145272184839997.0,"@DavePrattSports No, but I did hear from several Coyotes fans that we would be very happy with his play. They knew what they'd lost.",0.0,0.0,0.0,0.0,0.0,0.0,0.0,0.0
145271120187230.0,"lived the full LA trifecta yesterday (woken up by an earthquake, discussed the impending rain with customers as if it was a snowstorm, ran away from a coyote at night)",0.0,0.0,0.0,0.0,0.0,0.0,0.0,0.0
145268179726801.0,@saylahachey Mine doesn't like it when the coyote comes around. Not at all,0.0,0.0,0.0,0.0,0.0,0.0,0.0,0.0
145267377540159.0,@NedRyerson1957 Consolation prize - it's a distant second! Coyotes are only killing off 36.4% of their PK's lol.,0.0,0.0,0.0,0.0,0.0,0.0,0.0,0.0
145267194947412.0,Coyote attack on chicken caught on cctv https://t.co/L8NgVFIU7Q via @YouTube,0.0,0.0,0.0,0.0,0.0,0.0,0.0,0.0
145267172944939.0,@NedRyerson1957 The Coyotes.,0.0,0.0,0.0,0.0,0.0,0.0,0.0,0.0
145266495761976.0,@mighty_mia Omg she looks part Coyote üòé Beautiful‚Ä¶‚Ä¶ she will go when she has to or try taking her to your front yard on a leash?  Good Luck! üê∂‚ù§Ô∏è,0.0,0.0,0.0,0.0,0.0,0.0,0.0,0.0
145265774825704.0,SEE WHATS GROWING IN THE GARDEN! üå±  Mark your calendars for our Coyote Garden Grand Reopening on November 2nd! üóì First 30 students to arrive will receive a potted succulent ü™¥ they can customize and decorate! We‚Äôll be having snacks and additional activities  Link in our bio! üîó https://t.co/jA29oVXXdr,0.0,0.0,0.0,0.0,0.0,0.0,0.0,0.0
145264886873092.0,Just saw a post about a lost coyote/husky in the neighborhood who looked suspiciously like our summer foster dog. Was I trying to train a coyote dog? Was that why it was so damn hard? Omg people need to spay/neuter their pets. üò´,1.0,1.0,0.0,0.0,0.0,0.0,0.0,0.0
145264356729431.0,"My guy!  Great team leaders for @CalabasasFtball.  They played well and fought hard Friday night.  Team Captains, all juniors: @kingmill_er, @SeanStepenosky, @ethanclemonsEC, @CarterQB_4.  Go Coyotes!  @EliavAppelbaum @CaryHarris07 @latsondheimer https://t.co/zLJMC7OZoH",0.0,0.0,0.0,0.0,0.0,0.0,0.0,0.0
145263267172143.0,Wonder what it would be like to problem-solve like a coyote? #WhatIf You Learn Like a Coyote?  https://t.co/GVgagGzxMQ,0.0,0.0,0.0,0.0,0.0,0.0,0.0,0.0
145263063488774.0,"@teamyasumura I just saw my first coyote since moving here! 10‚Äô away, turning left off Beverly Glen near Mulholland (me, the coyote was not turning, he was driving fast, right on my ass, and when I clocked him in the rear view he def had ‚Äúfuck you‚Äù in his eyes.) OK seriously I saw a coyote.",1.0,1.0,0.0,0.0,0.0,0.0,0.0,0.0
145262682508395.0,The rotten egg smell is gone. The coyotes are gone üôèüèΩ,0.0,0.0,0.0,0.0,0.0,0.0,0.0,0.0
145257116808756.0,@Chicane_Coyote Oh my gosh that look so good!!! ‚ù§Ô∏è,0.0,0.0,0.0,0.0,0.0,0.0,0.0,0.0
145255406439526.0,Coyotes roaming around rn üòÇ,1.0,0.0,0.0,0.0,0.0,0.0,0.0,0.0
145253539983473.0,Predictions for today: Kings &gt; Blues  Lightning &gt; Sabres  Capitals &gt; Senators Panthers &gt; Coyotes  Rangers &gt; Flames Hurricanes &gt; Maple Leafs Blue Jackets &gt; Stars   Season Record: 36-46,0.0,0.0,0.0,0.0,0.0,0.0,0.0,0.0
145252670706006.0,@David954FLA Hopefully 6-0 after the coyotes tomorrow,0.0,0.0,0.0,0.0,0.0,0.0,0.0,0.0
145252121771436.0,Video: Chihuahua Carried Off by Coyote in Broad Daylight as Owners Scream But Survives Backyard Attack via @WestJournalism https://t.co/t3GsTRg6Vn,0.0,0.0,0.0,0.0,0.0,0.0,0.0,0.0
145251346639732.0,"okay, coyote-badger friendships are a thing! https://t.co/1G4EjZ0zu1",0.0,0.0,0.0,0.0,0.0,0.0,0.0,0.0
145250872720287.0,"@TotallyAllen Imagining a coyote loping along the sidewalk past the Beastie Boys' apartment next to that smooth, smooth asphalt.",0.0,0.0,0.0,0.0,0.0,0.0,0.0,0.0
145250815407641.0,Swear 2 God I just saw a baby coyote at Vermont and Melrose,1.0,1.0,0.0,0.0,0.0,0.0,0.0,0.0
145247260353321.0,@Doc_Coyote Pre trick r treating  Ingenious,0.0,0.0,0.0,0.0,0.0,0.0,0.0,0.0
145246588510957.0,Just a reminder that Red Ribbon Spirit Days start Monday! https://t.co/MCGBGOu1J9,0.0,0.0,0.0,0.0,0.0,0.0,0.0,0.0
145240373665185.0,@ravenscimaven The only Souther California pizza I‚Äôve really really liked was Little Coyote in Long Beach. Lots of meh pizza here but the Mexican food is üî•,0.0,0.0,0.0,0.0,0.0,0.0,0.0,0.0
145240080230416.0,@Grinning_Coyote @Jamesrus42 I‚Äôm a native Californian too and I knew Sutter‚Äôs Mill but guessed 1840‚Ä¶ üòÇ been a LONG time since 4th grade!! I also remember building the missions!!,0.0,0.0,0.0,0.0,0.0,0.0,0.0,0.0
145239095815946.0,@AndyRichter Or a coyote yelping 3 miles from the house,1.0,0.0,0.0,0.0,0.0,0.0,0.0,1.0
145238090591850.0,"@zachklein @TorranceCA: How about doing beneficial shit like this? But no, you‚Äôd rather cut down our trees and kill our coyotes.",0.0,0.0,0.0,0.0,0.0,0.0,0.0,0.0
145237670973964.0,After great call with @FamKWU I‚Äôm blessed to receive a scholarship! Go Coyotesüíúüíõ. @ocvarsityguy @DavidDelgado_OC @MAlvarez02 @bigpedro711 @SteveFryer @ocvarsity @dancich @mikehuntley63 @RWrightRivals @DrKenMiller1 https://t.co/gz1jXi7CZN,0.0,0.0,0.0,0.0,0.0,0.0,0.0,0.0
145235984529892.0,"@SpursCoyote @SheaSerrano Can always count on you, Coyote https://t.co/qy9lUes4GT",0.0,0.0,0.0,0.0,0.0,0.0,0.0,0.0
145235722361558.0,@JBB_SD @spacey_coyote @10News @MayorToddGloria Well they could choose to get vaccinated and protect themselves and their fellow citizens.,0.0,0.0,0.0,0.0,0.0,0.0,0.0,0.0
145234325405422.0,What's #Best today on https://t.co/wNwLoFi3qW ? Islanders @ Coyotes 10/23/21 : Nhl Highlights https://t.co/WIPwJX5dEI #sports #arizonacoyotes #arizonacoyotesvsnewyorkislanders #newyorkislanders https://t.co/Yx172EZqs1,0.0,0.0,0.0,0.0,0.0,0.0,0.0,0.0
145232363803270.0,I‚Äôm super confused which is the coyote? @SheaSerrano @SpursCoyote https://t.co/BuAtM7PNkb,0.0,0.0,0.0,0.0,0.0,0.0,0.0,0.0
145231436556313.0,Coyote Experts Raising Awareness Following String Of Related Incidents https://t.co/5hvUwppXIJ  #easterncoyote #coexistence #foodconditioning #harmfulhandout #coyote,0.0,0.0,0.0,0.0,0.0,0.0,0.0,0.0
145231364759065.0,I‚Äôm so sick of 180 year old fuckfaces preaching to me about coyotes!!  Omfg!!! Shuuuut upppppp,0.0,0.0,0.0,0.0,0.0,0.0,0.0,0.0
145231024495724.0,@jimbeam70648550 @Philzfacts @sfarieri Yes. I never suggested it was a bad deal for Arizona. The coyotes are rebuilding / I love what they‚Äôve done.   That‚Äôs not the point. The point is that Philly had to give up a 2 to get rid of a defenseman who once had a 60 point season and will prob get 50 this season,0.0,0.0,0.0,0.0,0.0,0.0,0.0,0.0
145230840364099.0,"On October 24, 2013, Dwight King scored his first career hat trick in a 7-4 win against the Coyotes. King posted career highs in 2013-14 with 15 goals and 30 points, scored 11 points in 26 playoff games, and won his second Stanley Cup ring with the @LAKings.  #LAKings #GoKingsGo https://t.co/PKbaQRSISM",0.0,0.0,0.0,0.0,0.0,0.0,0.0,0.0
145219811651448.0,@ActiveNorCal @Travel4Wildlife There is a night video of a coyote and badger traveling together. Interesting.,1.0,0.0,0.0,0.0,0.0,0.0,0.0,0.0
145217112414231.0,"It‚Äôs two sets of motion sliding doors, thankfully they‚Äôre locked and you need a fob to get in, or I‚Äôd be fucked lol wish a damn coyote would come in here chile.",0.0,0.0,0.0,0.0,0.0,0.0,0.0,0.0
145217076332726.0,"I was wondering why my coworker got to the door to let me in, she talking about there was just a coyote that approached the door, then went into a bush üòêüò≥",1.0,1.0,0.0,0.0,0.0,0.0,0.0,0.0
145215738494454.0,I wish Ventura county had a Coyote Ugly style bar. I‚Äôd sign my ass up real quick,0.0,0.0,0.0,0.0,0.0,0.0,0.0,0.0
145215723667589.0,600 Dayz no Sleep  I was Born w Coyote Teeth Nigga,0.0,0.0,0.0,0.0,0.0,0.0,0.0,0.0
145215180632733.0,@CoyoteRadioCSU Where was that when *I* was a Coyote Radio DJ??,0.0,0.0,0.0,0.0,0.0,0.0,0.0,0.0
145214690518240.0,"@JBB_SD @spacey_coyote @10News @MayorToddGloria Jelena,   same for any other job.  If the boss says and asks you to do something and you say no....well....yea we know what happens",0.0,0.0,0.0,0.0,0.0,0.0,0.0,0.0
145214264337544.0,"@ogiegoldthorpe @DomRichard1988 @alfred_jens @ldl716 Well he's signing with the Arizona Coyotes July 1, 2024 so they better trade him sooner. #Yotes already shedding contracts &amp; tanking to stock the future with some very high draft picks to lure him. Matthews is going to save hockey in the desert &amp; lead them to a Cup, not the Leafs",0.0,0.0,0.0,0.0,0.0,0.0,0.0,0.0
145213212605319.0,Quite the night ‚Äî Noah‚Äôs #ADHSHL varsity goaltending debut @greatparkice on Friday was a demonstration of a Capo Coyotes team that refused to quit. #hockey #goalie #capocoyotes https://t.co/0a4uaB8w0B,0.0,0.0,0.0,0.0,0.0,0.0,0.0,0.0
145212586378529.0,Coyote in the morning. #wildlife #coyote #photography #Malibu https://t.co/Sqg4yh3LDD,1.0,0.0,0.0,0.0,0.0,0.0,0.0,0.0
145212388475747.0,White-tailed coyote‚Ä¶ jk! Fine looking animal caught just before sunrise. #coyote #wildlife #photography https://t.co/1sKe0yzmxq,1.0,0.0,0.0,0.0,0.0,0.0,0.0,0.0
145212271704227.0,Video shows cat chase coyote away from home  Read it here: https://t.co/k7V2PnXdNQ https://t.co/BUMtFq78qM,0.0,0.0,0.0,0.0,0.0,0.0,0.0,0.0
145210691348365.0,The coyotes in my neighborhood refuse to abide by our traffic laws. They should be fined and sent to mandatory traffic school.,1.0,0.0,0.0,0.0,0.0,0.0,1.0,0.0
145528923941583.0,"@AinsleyInc Between the Hawks malfeasance and then Aliu who won't go away (pretty sure he is ultimately looking for some cash, but could be wrong here), &amp; the Coyotes who have taken tanking to a new depth; tough PR times for the NHL.",0.0,0.0,0.0,0.0,0.0,0.0,0.0,0.0
145527920226618.0,"What a beautiful weekend at @carlsbadshops.  We work hard, we work safe, and we have fun. Happy Halloween from your friends at the Carlsbad Village Faire!  üì∏ 1Ô∏è‚É£ @claracarlsbad 2Ô∏è‚É£ @coyote_carlsbad 3Ô∏è‚É£ @gonzo.ramen 4Ô∏è‚É£ @thecompasscarlsbad https://t.co/RaDn52lp4V https://t.co/vDo3XS4YsR",0.0,0.0,0.0,0.0,0.0,0.0,0.0,0.0
145526354668244.0,#SanMarcosCoyoteRescue (1/2) This morning our Humane Officers and veterinary team rescued a coyote who had been hit by a car and was lodged inside the grill of the car. The coyote was rushed to San Diego Humane Society's Ramona Wildlife Center for care. https://t.co/2no87bbc53,1.0,0.0,0.0,0.0,0.0,0.0,1.0,0.0
145498576603187.0,"It‚Äôs either coyotes or someone throwing a Halloween party, I can‚Äôt tell lol",0.0,0.0,0.0,0.0,0.0,0.0,0.0,0.0
145484384558206.0,"@ArizonaCoyotes @j_chychrun7 Happy Halloween, Arizona Coyotes!",0.0,0.0,0.0,0.0,0.0,0.0,0.0,0.0
145455197597080.0,"I talked with @RyanPaevey about his new movie #CoyoteCreekChristmas, which premieres tonight at 8pm ET on @hallmarkchannel #CountdownToChristmas. We talked about playing a dad and which movie he'd like to do a sequel for if he had the chance. @culturess https://t.co/kAnznin2H2",0.0,0.0,0.0,0.0,0.0,0.0,0.0,0.0
145449204447111.0,@iFooYa Sounds like coyotes‚Ä¶or that‚Äôs what I would want to believe.,1.0,0.0,0.0,0.0,0.0,0.0,0.0,1.0
145286512684391.0,@AP_Sports Coyotes are in a real battle for no. 1 with the Hawks,0.0,0.0,0.0,0.0,0.0,0.0,0.0,0.0
145279049321817.0,"@HeartlandDreamr So true Rachel. There is a lot of human and wildlife conflict, worldwide. In Vancouver there has been a lot of coyote conflict, with the coyotes stalking, chasing and attacking people, even young toddlers.",0.0,0.0,0.0,0.0,0.0,0.0,0.0,0.0
145273895443269.0,See this Instagram photo by @sc_coyotes https://t.co/8mQsVfUvJ2,0.0,0.0,0.0,0.0,0.0,0.0,0.0,0.0
145271870847270.0,"@CIAspygirl I highly recommend purchasing coyote urine. We have problems with them wanting to swim in our pool, but they spread really bad parasites, so we trapped a few but didn't feel great about it. Trying not to think about how the urine is collected to be sold...but it works!",0.0,0.0,0.0,0.0,0.0,0.0,0.0,0.0
145271427202733.0,"@HeartlandDreamr Well, wouldn‚Äôt say I‚Äôm brave. For example, when the salmon were spawning I never went near the spawning creeks in early morning or evening. Nor do I walk in places when it‚Äôs quiet. And for some reason the coyotes around here can be aggressive towards humans. Others can run away.",1.0,0.0,0.0,0.0,0.0,0.0,0.0,0.0
145266561864199.0,"Coyotes and wolves sing sweet hymns, They prowl suburban fringes and sneak into town. Moonlight leads the way through dark trees and down wet streets. Sleepers stir, they dream of white fangs and the smell of wild pines. https://t.co/Q6DRWdAnd3",0.0,0.0,0.0,0.0,0.0,0.0,0.0,0.0
145257742403871.0,Testing out the @furality legends emissions and audio link related features on the furality shader. Here's my goofy dancing with coyote Orin. xP  üéµ: Rogue - Move me  #Furality #FuralityLegends https://t.co/vcmfhKL5oU,0.0,0.0,0.0,0.0,0.0,0.0,0.0,0.0
145251590663498.0,GIVE COLDWATER CANYON BACK TO THE COYOTES https://t.co/bEvU5WUMjT,0.0,0.0,0.0,0.0,0.0,0.0,0.0,0.0
145245086601997.0,"Survivor Friday! We Hiked The Eagle Rock Trail in Warner Springs 7+ miles. We saw a coyote, mountain lion cub, and an array of birds. Read our 3 minute review: https://t.co/4l86VX9hTC https://t.co/KTDRbwpcbc",0.0,0.0,0.0,0.0,0.0,0.0,0.0,0.0
145240914243854.0,"For those of you in San Diego without the Nextdoor app, your neighbors think they may have seen a coyote.",1.0,1.0,0.0,0.0,0.0,0.0,0.0,0.0
145240224664632.0,You might as well eat at cafe Coyote and call it the best Mexican food experience ever üòÇüòÇüòÇ,0.0,0.0,0.0,0.0,0.0,0.0,0.0,0.0
145239536431348.0,"@JBB_SD @spacey_coyote @10News @MayorToddGloria Blackmailed ? What sort of info do they have on us ? Or , us on them?",0.0,0.0,0.0,0.0,0.0,0.0,0.0,0.0
145238096591378.0,"Our greatest teachers are not books, or even old professors like me. Our greatest teachers are the creatures with whom we share this glorious, terrifying, beautiful, and mysterious world. My column - My Coyote Teacher - from the Nov/Dec Unity Magazine.https://t.co/aannHxraLo",0.0,0.0,0.0,0.0,0.0,0.0,0.0,0.0
145237278201298.0,"@EBRPD must sever ties with USDA Wildlife Services. These hired guns have already killed too many of our parks‚Äô cottontails, ravens, skunks, gulls, foxes, raccoons, opossums, coyotes &amp; community cats! #EBRPD #animals #AnimalAbuse #wildlife https://t.co/wRFG9MZWd2",1.0,0.0,0.0,0.0,0.0,0.0,0.0,0.0
145235409134718.0,"@ChaseFreo the better to eat coyotes with, my dear.",0.0,0.0,0.0,0.0,0.0,0.0,0.0,0.0
145232648606998.0,"G goes to daycare twice a week to get her energy out. I found out today that my part-time coyote, full-time cutie loves the daycare camera ü§™ https://t.co/LgYpQbAVxv",0.0,0.0,0.0,0.0,0.0,0.0,0.0,0.0
145228822245790.0,"@HeartlandDreamr I should add I‚Äôm always alert and looking around, my bear bell is jingling, and I clap my poles every so often or if I feel vulnerable. So I don‚Äôt take the warnings lightly. Now if there were coyotes I‚Äôd be more frightened as they stalk and chase.",0.0,0.0,0.0,0.0,0.0,0.0,0.0,0.0
145227711577323.0,Weekly Howl Volume 1.10 - üì¢ Check out what's happening at San Altos and see who this week's Coyote Fist Bump winner is! https://t.co/B2HpvZOmHu https://t.co/xn4pHTehfh,0.0,0.0,0.0,0.0,0.0,0.0,0.0,0.0
145223108115189.0,@thechiccodes I assume it was the coyotes running around but I didn't see them eat the tomatoes off the vine. It could have been another wild animal.,1.0,0.0,0.0,0.0,0.0,0.0,0.0,0.0
145222676996945.0,"My sweet little nugget got attacked by a pack of coyotes tonight and although he‚Äôs has minimal puncture wounds he wasn‚Äôt able to use his back legs. Even a share would help, we just want our little man to be home and okay.  https://t.co/04gXMh34aC https://t.co/cDaCpVrzDb",1.0,1.0,1.0,0.0,0.0,0.0,0.0,0.0
145214143044973.0,"@xeni When the coyotes thrive, all the other animals and plants do, too",1.0,0.0,0.0,0.0,0.0,0.0,0.0,0.0
